store_id,store_address,product_id,sku_id,master_product_id,name,trademark,presentation,price,in_stock,category_name,cold_beer
166964,,2469371,166964_2469371,597816,Cerveza Miller,Miller,1 X 473.0 mL,2605.85,True,Cervezas,False
166964,,2469372,166964_2469372,428367,Heineken Cerveza Rubia,Heineken,1 X 473 mL,3727.2,True,Cervezas,False
166964,,2539095,166964_2539095,188850,Corona Cerveza Rubia,Corona,1 X 710 mL,4647,True,Cervezas,True
166964,,2482871,166964_2482871,162208,Corona Cerveza Tipo Lager 330 ml,Corona,1 X 330.0 mL,3089.4,True,Cervezas,False
166964,,2114318537,166964_2114318537,681636,Corona Cerveza Cero,Corona 0,1 X 330 mL,2722.3,True,Cervezas,False
166964,,1074483987,166964_1074483987,96872,Heineken Cerveza Rubia en Lata,Heineken,1 X 710.0 mL,5181.75,True,Cervezas,True
166964,,2482872,166964_2482872,442634,Cerveza Andes Origen Ipa 473 cc,Andes Origen,1 X 473.0 mL,2357.4,True,Cervezas,True
166964,,2114120281,166964_2114120281,156789,Schneider Cerveza Lager,Schneider,1 X 710 mL,3239.25,True,Cervezas,False
166964,,2115096845,166964_2115096845,993848,Cerveza Pampa Lager Lata 473ml,Pampa,1 x 473 mL,1203.6,True,Cervezas,False
166964,,2482874,166964_2482874,43389,Heineken Cerveza Original,Heineken,1 X 330 mL,3674.25,True,Cervezas,False
166964,,2469339,166964_2469339,262474,Cerveza Andes Origen Rubia 473 cc,Andes Origen,1 X 473 mL,2249.4,True,Cervezas,True
166964,,2114084425,166964_2114084425,612401,Michelob Cerveza Light Ultra,Michelob Ultra,1 X 473 mL,2228.85,True,Cervezas,True
166964,,2114629803,166964_2114629803,629042,Stella Artois Cerveza,Stella Artois,1 x 330 mL,2759.4,True,Cervezas,False
166964,,2111346548,166964_2111346548,85169,1890 Cerveza Rubia,1890,1 X 473 mL,2115.65,True,Cervezas,False
166964,,2469420,166964_2469420,63327,Stella Artois Cerveza Rubia,Stella Artois,1 X 473 mL,2735.4,True,Cervezas,True
166964,,2114833020,166964_2114833020,871704,Heineken Cerveza Sin Alcohol,Heineken,1 x 473 mL,3039.2,True,Cervezas,False
166964,,2114019305,166964_2114019305,626222,Blue Moon Belgian White Lata 473 ml,Blue Moon,1 x 473 mL,3709.3,True,Cervezas,False
166964,,2469409,166964_2469409,442640,Cerveza Andes Origen Roja 473 cc,Andes Origen,1 X 473 mL,2939.25,True,Cervezas,True
166964,,2482851,166964_2482851,628296,Cerveza Patagonia Amber Lager 730 cc,Patagonia,1 X 730 mL,5939.25,True,Cervezas,False
166964,,2482839,166964_2482839,228999,Cerveza Patagonia Amber Lager 473 cc,Patagonia,1 X 473 mL,4191.75,True,Cervezas,False
166964,,2111346558,166964_2111346558,288198,Cerveza Patagonia Ipa 730 cc,Patagonia,1 X 730 mL,5864.25,True,Cervezas,False
166964,,1074392807,166964_1074392807,2621,Rabieta Cerveza Red Honey,Rabieta,1 X 473 mL,3322.65,True,Cervezas,False
166964,,2114263233,166964_2114263233,448096,Imperial Cerveza Roja Amber Lager Lata,Imperial,1 X 473 mL,3023.2,True,Cervezas,False
166964,,2115220400,166964_2115220400,533969,Heineken Cerveza 0.0 Lata 330ml,Heineken,1 X 330 mL,3739,True,Cervezas,False
166964,,1074392811,166964_1074392811,48040,Antares Cerveza Artesanal Honey,Antares,1 X 473 mL,3261.3,True,Cervezas,False
166964,,1074392831,166964_1074392831,14038,Pampa Brewing Amber Ale Lata 473ml,Pampa,1 X 473 mL,2710.65,True,Cervezas,False
166964,,1074392822,166964_1074392822,57990,Antares Cerveza Scotch,Antares,1 X 473 mL,3254.3,True,Cervezas,False
166964,,1074392805,166964_1074392805,16183,Kunstmann Torobayo Lata 470ml,Kunstmann,1 X 470 mL,5199,True,Cervezas,False
166964,,2114630022,166964_2114630022,285422,Salta Cerveza Cautiva Roja,Salta,1 X 473 mL,3589,True,Cervezas,False
166964,,2114263236,166964_2114263236,616408,Imperial Cerveza Sin Alcohol Roja,Imperial,1 X 355 mL,1399,False,Cervezas,False
166964,,1074804154,166964_1074804154,299187,Guinness Cerveza Extra Stout,Guinnes,1 X 473 mL,3662.65,True,Cervezas,False
166964,,2482853,166964_2482853,300550,Cerveza Quilmes Stout 473 cc,Quilmes,1 X 473 mL,2071.3,True,Cervezas,True
166964,,2482873,166964_2482873,13942,Imperial Cerveza Negra Cream Stout en Lata,Imperial,1 X 473 mL,3799,True,Cervezas,False
166964,,2469437,166964_2469437,359073,Cerveza Stella Artois Noire 473 cc,Stella Artois,1 X 473 mL,2717.4,True,Cervezas,False
166964,,2114869440,166964_2114869440,299182,Pampa Brewing Nitro Cream Stout 473ml,Pampa,1 X 473 mL,2812.65,True,Cervezas,False
166964,,2111346555,166964_2111346555,229428,Andes Origen Cerveza Negra en Lata,Andes Origen,1 X 473 mL,2363.4,True,Cervezas,False
166964,,1074392823,166964_1074392823,90470,Pampa Brewing Cerveza IPA Lata 473 ml,Pampa,1 X 473 mL,2812.65,True,Cervezas,False
166964,,2114632987,166964_2114632987,0,6 x Corona Porrón 330 mL,,,18536.4,True,Cervezas,False
166964,,2114272855,166964_2114272855,0,6 x Sixpack Heineken Cerveza,,,27954,True,Cervezas,False
166964,,2114272833,166964_2114272833,0,6 x Andes Cerveza Rubia Origen Mendocina,,,13496.4,True,Cervezas,False
166964,,2114272846,166964_2114272846,0,6 x Sixpack Michelob Ultra,,,13373.1,True,Cervezas,False
166964,,2114272827,166964_2114272827,0,6 x Andes Cerveza Ipa Origen Mendocina,,,14144.4,True,Cervezas,False
166964,,2114633462,166964_2114633462,0,6 x Stella Artois Porrón 330 mL,,,16556.4,True,Cervezas,False
166964,,2114272837,166964_2114272837,0,6 x Stella Artois Cerveza Rubia,,,16412.4,True,Cervezas,False
166964,,2114641631,166964_2114641631,0,6 x Heineken Rubia 710 mL,,,35235.9,True,Cervezas,False
166964,,2114272836,166964_2114272836,0,6 x Budweiser Cerveza Rubia,,,12827.1,True,Cervezas,False
166964,,2114633690,166964_2114633690,0,6 x Miller Rubia 330 mL,,,26315.28,True,Cervezas,False
166964,,2114272830,166964_2114272830,0,6 x Andes Cerveza Roja Origen Mendocina,,,14108.4,True,Cervezas,False
166964,,2114656367,166964_2114656367,0,6 x Corona 473 mL,,,19076.4,True,Cervezas,False
166964,,2114272843,166964_2114272843,0,6 x Sixpack Patagonia Cerveza Session Ipa K24.7,,,20336.4,True,Cervezas,False
166964,,2114632986,166964_2114632986,0,6 x Patagonia Lager del Sur 473 mL,,,21092.4,True,Cervezas,False
166964,,2114272844,166964_2114272844,0,6 x Patagonia Vera Ipa,,,19688.4,True,Cervezas,False
166964,,2114272857,166964_2114272857,0,6 x Sixpack Miller Cerveza,,,24054,True,Cervezas,False
166964,,2114272842,166964_2114272842,0,6 x Patagonia Cerveza Amber Lager,,,20084.4,True,Cervezas,False
166964,,2114641633,166964_2114641633,0,6 x Amstel Lager 710 mL,,,16088.4,True,Cervezas,False
166964,,2114272856,166964_2114272856,0,6 x Sixpack Imperial Cerveza Golden,,,21534,True,Cervezas,False
166964,,2114272839,166964_2114272839,0,6 x Quilmes 0.0% Cerveza Rubia,,,7850.7,True,Cervezas,False
166964,,2114641635,166964_2114641635,0,6 x Schneider Lager 710 mL,,,25914,True,Cervezas,False
166964,,2114632984,166964_2114632984,0,4 x Stella Artois Premium Lager 710 mL,,,16269.6,True,Cervezas,False
166964,,2114632988,166964_2114632988,0,6 x Andes Origen Oro 473 mL,,,13388.4,True,Cervezas,False
166964,,2114272847,166964_2114272847,0,6 x Quilmes Cerveza Clásica,,,11111.1,True,Cervezas,False
166964,,2114641638,166964_2114641638,0,6 x Salta Cautiva Roja 473 mL,,,21594,True,Cervezas,False
166964,,2114272835,166964_2114272835,0,6 x Brahma Cerveza,,,12047.1,True,Cervezas,False
166964,,1074392819,166964_1074392819,91592,Cerveza Kunstmann Session Ipa 470ml,Kunstmann,1 X 470 mL,5019,True,Cervezas,False
166964,,2115299987,166964_2115299987,1049259,Stones Cerveza Maracuyá,,1 x 473 mL,1,True,Cervezas,False
166964,,2115299986,166964_2115299986,1049258,Stones Cerveza Lemon,,1 x 473 mL,1,True,Cervezas,False
166964,,2528354,166964_2528354,271499,Cerveza Quilmes 0% 473 cc,Quilmes 0,1 X 473 mL,1672.3,True,Cervezas,False
166964,,2115129133,166964_2115129133,998321,Ipa Cerveza Antares Especiales Sin Alcohol,,1 x 473 mL,4745.3,True,Cervezas,False
166964,,2115002412,166964_2115002412,967817,Corona Cerveza 0.0,,473 mL,2526.3,True,Cervezas,False
166964,,2114084532,166964_2114084532,604026,Cerveza Stella Artois 0% 473 cc,Stella Artois 0,1 x 473 mL,2909.25,False,Cervezas,False
166964,,2114013445,166964_2114013445,522389,Heineken Cerveza sin Alcohol,Heineken Cero,1 X 355 mL,2369,False,Cervezas,False
184221,,1074804154,184221_1074804154,299187,Guinness Cerveza Extra Stout,Guinnes,1 X 473 mL,3985.65,True,Cervezas,False
184221,,2539095,184221_2539095,188850,Corona Cerveza Rubia,Corona,1 X 710 mL,4647,True,Cervezas,True
184221,,2469372,184221_2469372,428367,Heineken Cerveza Rubia,Heineken,1 X 473 mL,3695.2,True,Cervezas,True
184221,,2482871,184221_2482871,162208,Corona Cerveza Tipo Lager 330 ml,Corona,1 X 330.0 mL,3089.4,True,Cervezas,False
184221,,1074483987,184221_1074483987,96872,Heineken Cerveza Rubia en Lata,Heineken,1 X 710.0 mL,5166.75,True,Cervezas,False
184221,,2114120281,184221_2114120281,156789,Schneider Cerveza Lager,Schneider,1 X 710 mL,3239.25,True,Cervezas,False
184221,,2482872,184221_2482872,442634,Cerveza Andes Origen Ipa 473 cc,Andes Origen,1 X 473.0 mL,2357.4,True,Cervezas,True
184221,,2114318537,184221_2114318537,681636,Corona Cerveza Cero,Corona 0,1 X 330 mL,2138.95,True,Cervezas,False
184221,,2114631084,184221_2114631084,753489,Blue Moon Cerveza Belgian White,Blue Moon,1 x 355 cc,4122.3,True,Cervezas,False
184221,,2469339,184221_2469339,262474,Cerveza Andes Origen Rubia 473 cc,Andes Origen,1 X 473 mL,2249.4,True,Cervezas,True
184221,,2114084425,184221_2114084425,612401,Michelob Cerveza Light Ultra,Michelob Ultra,1 X 473 mL,2248.35,True,Cervezas,True
184221,,2111346548,184221_2111346548,85169,1890 Cerveza Rubia,1890,1 X 473 mL,2115.65,True,Cervezas,False
184221,,2114833020,184221_2114833020,871704,Heineken Cerveza Sin Alcohol,Heineken,1 x 473 mL,3071.2,True,Cervezas,False
184221,,2114629803,184221_2114629803,629042,Stella Artois Cerveza,Stella Artois,1 x 330 mL,2759.4,True,Cervezas,False
184221,,2469564,184221_2469564,16264,Schneider Cerveza Rubia Lager,Schneider,1 X 473.0 mL,2617.15,True,Cervezas,False
184221,,2469420,184221_2469420,63327,Stella Artois Cerveza Rubia,Stella Artois,1 X 473 mL,2723.4,True,Cervezas,True
184221,,2114262372,184221_2114262372,581510,Amstel Cerveza Lager,Amstel,1 X 710.0 mL,3128.3,True,Cervezas,False
184221,,2469409,184221_2469409,442640,Cerveza Andes Origen Roja 473 cc,Andes Origen,1 X 473 mL,2351.4,True,Cervezas,True
184221,,2115220400,184221_2115220400,533969,Heineken Cerveza 0.0 Lata 330ml,Heineken,1 X 330 mL,3739,True,Cervezas,False
184221,,2111346558,184221_2111346558,288198,Cerveza Patagonia Ipa 730 cc,Patagonia,1 X 730 mL,4685.4,True,Cervezas,True
184221,,2482851,184221_2482851,628296,Cerveza Patagonia Amber Lager 730 cc,Patagonia,1 X 730 mL,4721.4,True,Cervezas,True
184221,,2482839,184221_2482839,228999,Cerveza Patagonia Amber Lager 473 cc,Patagonia,1 X 473 mL,3341.4,True,Cervezas,False
184221,,1074392805,184221_1074392805,16183,Kunstmann Torobayo Lata 470ml,Kunstmann,1 X 470 mL,5189,True,Cervezas,False
184221,,1074392811,184221_1074392811,48040,Antares Cerveza Artesanal Honey,Antares,1 X 473 mL,3261.3,True,Cervezas,False
184221,,2114263233,184221_2114263233,448096,Imperial Cerveza Roja Amber Lager Lata,Imperial,1 X 473 mL,3007.2,True,Cervezas,False
184221,,1074392822,184221_1074392822,57990,Antares Cerveza Scotch,Antares,1 X 473 mL,3219.3,True,Cervezas,False
184221,,2114630022,184221_2114630022,285422,Salta Cerveza Cautiva Roja,Salta,1 X 473 mL,3549,True,Cervezas,False
184221,,1074392807,184221_1074392807,2621,Rabieta Cerveza Red Honey,Rabieta,1 X 473 mL,3501.15,True,Cervezas,False
184221,,1074392815,184221_1074392815,86175,Rabieta Cerveza Irish Red Ale,Rabieta,1 X 473 mL,3535.15,True,Cervezas,False
184221,,2114019305,184221_2114019305,626222,Blue Moon Belgian White Lata 473 ml,Blue Moon,1 x 473 mL,3709.3,True,Cervezas,False
184221,,2482853,184221_2482853,300550,Cerveza Quilmes Stout 473 cc,Quilmes,1 X 473 mL,2071.3,True,Cervezas,False
184221,,2482873,184221_2482873,13942,Imperial Cerveza Negra Cream Stout en Lata,Imperial,1 X 473 mL,3779,True,Cervezas,False
184221,,2469437,184221_2469437,359073,Cerveza Stella Artois Noire 473 cc,Stella Artois,1 X 473 mL,2717.4,True,Cervezas,False
184221,,2111346555,184221_2111346555,229428,Andes Origen Cerveza Negra en Lata,Andes Origen,1 X 473 mL,2363.4,True,Cervezas,False
184221,,2114869440,184221_2114869440,299182,Pampa Brewing Nitro Cream Stout 473ml,Pampa,1 X 473 mL,2957.15,True,Cervezas,False
184221,,2482874,184221_2482874,43389,Heineken Cerveza Original,Heineken,1 X 330 mL,3696.75,True,Cervezas,False
184221,,2114318535,184221_2114318535,681638,Corona Cerveza,Corona,1 X 473 mL,3179.4,True,Cervezas,True
184221,,2469353,184221_2469353,354811,Cerveza Patagonia 24.7 473 cc,Patagonia,1 X 473 mL,3377.4,True,Cervezas,True
184221,,2482833,184221_2482833,13982,Grolsch Cerveza Pilsner,Grolsch,1 X 473 mL,4489,True,Cervezas,False
184221,,2469371,184221_2469371,597816,Cerveza Miller,Miller,1 X 473.0 mL,2586.35,True,Cervezas,False
184221,,2482855,184221_2482855,288202,Cerveza Brahma Chopp 473 cc,Brahma,1 X 473.0 mL,2007.85,True,Cervezas,True
184221,,2469547,184221_2469547,37640,Cerveza Budweiser 473 cc,Budweiser,1 X 473 mL,2118.35,True,Cervezas,True
184221,,2469589,184221_2469589,196655,Imperial Cerveza Extra Lager,Imperial,1 X 473 mL,2839.2,True,Cervezas,False
184221,,2114629797,184221_2114629797,620352,Miller Genuine Draft Cerveza,Miller,1 X 330 mL,2861.45,True,Cervezas,False
184221,,2114263234,184221_2114263234,354442,Miller Cerveza Genuine Draft en Lata,Miller,1 X 710 mL,3814.85,True,Cervezas,False
184221,,2114629634,184221_2114629634,43537,Miller Cerveza Rubia,Miller,1 X 600 mL,4243.85,True,Cervezas,False
184221,,1074392827,184221_1074392827,29240,Rabieta Cerveza American Ipa,Rabieta,1 X 473 mL,2154.5,True,Cervezas,False
184221,,1074485103,184221_1074485103,32074,Imperial Cerveza Lager Dorada Lata 710ml,Imperial,1 X 710 mL,3590.3,True,Cervezas,False
184221,,1074392810,184221_1074392810,186129,Pampa Brewing Cerveza Honey Lata 473 ml,Pampa,1 X 473 mL,2557.65,True,Cervezas,True
184221,,2114084426,184221_2114084426,595866,Stella Artois Cerveza Premium Lager,Stella Artois,1 x 710 mL,4055.4,True,Cervezas,False
184221,,1074392820,184221_1074392820,74252,Pampa Cerveza Dorada Lata 473 ml,Pampa,1 X 473.0 mL,2407.2,True,Cervezas,False
184221,,2114951104,184221_2114951104,948216,Schneider Bebida Refrescante Remix Limón,Schneider,1 x 473 mL,3079,True,Cervezas,False
184221,,2112599376,184221_2112599376,186987,Rabieta Cerveza Helles Munich,Rabieta,1 X 473 mL,1563.6,True,Cervezas,False
184221,,2114887563,184221_2114887563,830900,Cerveza Brahma 710 mL,Brahma,710 mL,3135.3,True,Cervezas,False
184221,,2114871768,184221_2114871768,916751,Cerveza Guinness Hop House,,473 mL,3127.2,True,Cervezas,False
184221,,2115096846,184221_2115096846,993849,Estrella Galicia Cerveza sin Gluten Lata 330ml,Estrella Galicia,1 x 330 mL,3409,True,Cervezas,False
184221,,1074392823,184221_1074392823,90470,Pampa Brewing Cerveza IPA Lata 473 ml,Pampa,1 X 473 mL,2812.65,True,Cervezas,False
184221,,1074392829,184221_1074392829,94687,Rabieta Cerveza Golden Ale,Rabieta,1 X 473 mL,3127.2,True,Cervezas,False
184221,,1074518352,184221_1074518352,673325,Antares Cerveza Ipa,Antares,1 x 473 mL,3163.3,True,Cervezas,False
184221,,2114708567,184221_2114708567,837368,Imperial Cerveza Golden,Imperial,1 x 330 cc,2778.3,True,Cervezas,False
184221,,2114434307,184221_2114434307,688392,Antares Cerveza Lager,Antares,1 x 473 mL,2694.3,True,Cervezas,False
184221,,2114481637,184221_2114481637,763756,Cerveza Patagonia Lager Del Sur 473 cc,Patagonia,1 X 473 mL,3515.4,True,Cervezas,False
184221,,2114869743,184221_2114869743,892720,Imperial Cerveza Sin Alcohol Golden,,1 x 473 cc,1715.35,True,Cervezas,False
184221,,2115002412,184221_2115002412,967817,Corona Cerveza 0.0,,473 mL,1984.95,True,Cervezas,False
184221,,2533061,184221_2533061,156788,Imperial Apa Cerveza American Pale Ale Rubia,Imperial,1 X 473 mL,3849,True,Cervezas,False
184221,,2114967292,184221_2114967292,234919,Peroni Cerveza,Peroni,1 X 330 mL,3794.25,True,Cervezas,False
184221,,1074392833,184221_1074392833,81936,Antares Kolsch Cerveza ,Antares,1 X 473 mL,3212.3,True,Cervezas,False
184221,,2115129133,184221_2115129133,998321,Ipa Cerveza Antares Especiales Sin Alcohol,,1 x 473 mL,4745.3,True,Cervezas,False
184221,,2114833047,184221_2114833047,41331,Santa Fe Cerveza Rubia,Blonde,1 X 473 mL,2959,True,Cervezas,True
184221,,2114970867,184221_2114970867,955344,Asahi Cerveza Dry,,1 x 330 cc,4559.25,True,Cervezas,False
184221,,2114629949,184221_2114629949,532515,Grolsch Cerveza Ipa,Grolsch,1 X 473 mL,3591.75,True,Cervezas,False
184221,,2114897271,184221_2114897271,25531,Bitburger Cerveza,Bitburger,1 X 330 mL,5099,True,Cervezas,True
184221,,2114481639,184221_2114481639,763757,Cerveza Patagonia Lager Del Sur 730 cc,Patagonia,1 X 730 mL,4769.4,True,Cervezas,False
184221,,2482831,184221_2482831,193507,Warsteiner Cerveza Rubia,Warsteiner,1 X 473 mL,3969,True,Cervezas,False
184221,,1074485096,184221_1074485096,170987,Salta Cautiva Cerveza Rubia,Salta,1 X 473 mL,3549,True,Cervezas,False
184221,,1074739728,184221_1074739728,364118,Imperial Golden Lata 710ml,Imperial,1 X 710 mL,3569.3,True,Cervezas,True
184221,,2114579895,184221_2114579895,28703,Bitburger Cerveza,Bitburger,1 X 500 mL,6009,True,Cervezas,True
184221,,1074392819,184221_1074392819,91592,Cerveza Kunstmann Session Ipa 470ml,Kunstmann,1 X 470 mL,5019,True,Cervezas,False
184221,,2114084532,184221_2114084532,604026,Cerveza Stella Artois 0% 473 cc,Stella Artois 0,1 x 473 mL,2309.4,False,Cervezas,True
184221,,2482879,184221_2482879,606296,Amstel Cerveza Lager Pura Malta ,Amstel,1 X 473 mL,2487.2,False,Cervezas,False
184221,,2533049,184221_2533049,362210,Imperial Cerveza Ipa,Imperial,1 X 473 mL,3063.2,False,Cervezas,False
184221,,2533062,184221_2533062,156784,Imperial Cerveza Ligera Golden,Imperial,1 X 473 mL,2863.2,False,Cervezas,False
184221,,2112989953,184221_2112989953,484755,Cerveza Stella Artois Blanche 473 cc,Stella Artois,1 X 473 mL,4169,False,Cervezas,False
184221,,1074392806,184221_1074392806,271120,Sol Cerveza Rubia Original ,Sol,1 X 473 mL,2549,False,Cervezas,False
184221,,2482864,184221_2482864,354820,Cerveza Patagonia Bohemian 473 cc,Patagonia,1 X 473 mL,4079.4,False,Cervezas,False
184221,,2533055,184221_2533055,433532,Cerveza Temple Wolf Ipa 473 cc,Temple,1 X 473 mL,3551.4,False,Cervezas,False
184221,,2114013445,184221_2114013445,522389,Heineken Cerveza sin Alcohol,Heineken Cero,1 X 355 mL,2369,False,Cervezas,False
184221,,2112096354,184221_2112096354,478065,Cerveza Corona 410 cc,Corona,1 X 410 mL,6439,False,Cervezas,True
184221,,2114272855,184221_2114272855,0,6 x Sixpack Heineken Cerveza,,,27714,True,Cervezas,False
184221,,2114632987,184221_2114632987,0,6 x Corona Porrón 330 mL,,,18536.4,True,Cervezas,False
184221,,2114272833,184221_2114272833,0,6 x Andes Cerveza Rubia Origen Mendocina,,,13496.4,True,Cervezas,False
184221,,2114272827,184221_2114272827,0,6 x Andes Cerveza Ipa Origen Mendocina,,,14144.4,True,Cervezas,False
184221,,2114272837,184221_2114272837,0,6 x Stella Artois Cerveza Rubia,,,16340.4,True,Cervezas,False
184221,,2114656367,184221_2114656367,0,6 x Corona 473 mL,,,19076.4,True,Cervezas,False
184221,,2114272846,184221_2114272846,0,6 x Sixpack Michelob Ultra,,,13490.1,True,Cervezas,False
184221,,2114641631,184221_2114641631,0,6 x Heineken Rubia 710 mL,,,35133.9,True,Cervezas,False
184221,,2114641633,184221_2114641633,0,6 x Amstel Lager 710 mL,,,16088.4,True,Cervezas,False
184221,,2114272843,184221_2114272843,0,6 x Sixpack Patagonia Cerveza Session Ipa K24.7,,,20264.4,True,Cervezas,False
184221,,2114272836,184221_2114272836,0,6 x Budweiser Cerveza Rubia,,,12710.1,True,Cervezas,False
184221,,2114272858,184221_2114272858,0,6 x Sixpack Schneider Cerveza Rubia,,,18474,True,Cervezas,False
184221,,2114272854,184221_2114272854,0,6 x Sixpack Grolsch Cerveza,,,26934,True,Cervezas,False
184221,,2114272847,184221_2114272847,0,6 x Quilmes Cerveza Clásica,,,11111.1,True,Cervezas,False
184221,,2114272844,184221_2114272844,0,6 x Patagonia Vera Ipa,,,19688.4,True,Cervezas,False
184221,,2114272857,184221_2114272857,0,6 x Sixpack Miller Cerveza,,,23874,True,Cervezas,False
184221,,2114272830,184221_2114272830,0,6 x Andes Cerveza Roja Origen Mendocina,,,14108.4,True,Cervezas,False
184221,,2114272839,184221_2114272839,0,6 x Quilmes 0.0% Cerveza Rubia,,,7850.7,True,Cervezas,False
184221,,2114272842,184221_2114272842,0,6 x Patagonia Cerveza Amber Lager,,,20048.4,True,Cervezas,False
184221,,2114641635,184221_2114641635,0,6 x Schneider Lager 710 mL,,,25914,True,Cervezas,False
184221,,2114633684,184221_2114633684,0,6 x Imperial Lager Rubia Sabor Intenso 710 mL,,,26157.9,True,Cervezas,False
184221,,2114632986,184221_2114632986,0,6 x Patagonia Lager del Sur 473 mL,,,21092.4,True,Cervezas,False
184221,,2114272835,184221_2114272835,0,6 x Brahma Cerveza,,,12047.1,True,Cervezas,False
184221,,2114632983,184221_2114632983,0,4 x Andes Origen Rubia 710 mL,,,12645.6,True,Cervezas,False
184924,,2115220400,184924_2115220400,533969,Heineken Cerveza 0.0 Lata 330ml,Heineken,1 X 330 mL,3599,True,Cervezas,False
184924,,2469372,184924_2469372,428367,Heineken Cerveza Rubia,Heineken,1 X 473 mL,3695.2,True,Cervezas,False
184924,,2482851,184924_2482851,628296,Cerveza Patagonia Amber Lager 730 cc,Patagonia,1 X 730 mL,5676.75,True,Cervezas,False
184924,,2539095,184924_2539095,188850,Corona Cerveza Rubia,Corona,1 X 710 mL,5808.75,True,Cervezas,False
184924,,2114084425,184924_2114084425,612401,Michelob Cerveza Light Ultra,Michelob Ultra,1 X 473 mL,2703.2,True,Cervezas,False
184924,,1074483987,184924_1074483987,96872,Heineken Cerveza Rubia en Lata,Heineken,1 X 710.0 mL,5091.75,True,Cervezas,False
184924,,2114120281,184924_2114120281,156789,Schneider Cerveza Lager,Schneider,1 X 710 mL,3239.25,True,Cervezas,False
184924,,2111346548,184924_2111346548,85169,1890 Cerveza Rubia,1890,1 X 473 mL,2115.65,True,Cervezas,False
184924,,2482872,184924_2482872,442634,Cerveza Andes Origen Ipa 473 cc,Andes Origen,1 X 473.0 mL,2916.75,True,Cervezas,True
184924,,2482855,184924_2482855,288202,Cerveza Brahma Chopp 473 cc,Brahma,1 X 473.0 mL,2249.25,True,Cervezas,False
184924,,2469339,184924_2469339,262474,Cerveza Andes Origen Rubia 473 cc,Andes Origen,1 X 473 mL,2541.75,True,Cervezas,False
184924,,2482871,184924_2482871,162208,Corona Cerveza Tipo Lager 330 ml,Corona,1 X 330.0 mL,3719.25,True,Cervezas,True
184924,,2114629634,184924_2114629634,43537,Miller Cerveza Rubia,Miller,1 X 600 mL,4237.35,True,Cervezas,False
184924,,2533049,184924_2533049,362210,Imperial Cerveza Ipa,Imperial,1 X 473 mL,3087.2,True,Cervezas,False
184924,,2114629803,184924_2114629803,629042,Stella Artois Cerveza,Stella Artois,1 x 330 mL,2633.4,True,Cervezas,False
184924,,2114833020,184924_2114833020,871704,Heineken Cerveza Sin Alcohol,Heineken,1 x 473 mL,2991.2,True,Cervezas,False
184924,,2114084532,184924_2114084532,604026,Cerveza Stella Artois 0% 473 cc,Stella Artois 0,1 x 473 mL,2849.25,True,Cervezas,False
184924,,2111346558,184924_2111346558,288198,Cerveza Patagonia Ipa 730 cc,Patagonia,1 X 730 mL,5639.25,True,Cervezas,False
184924,,2114083630,184924_2114083630,583007,Cerveza Andes Origen Rubia 710 cc,Andes,1 X 710 mL,3327.35,True,Cervezas,False
184924,,2469409,184924_2469409,442640,Cerveza Andes Origen Roja 473 cc,Andes Origen,1 X 473 mL,2856.75,True,Cervezas,False
184924,,2111346555,184924_2111346555,229428,Andes Origen Cerveza Negra en Lata,Andes Origen,1 X 473 mL,2834.25,True,Cervezas,False
184924,,2482839,184924_2482839,228999,Cerveza Patagonia Amber Lager 473 cc,Patagonia,1 X 473 mL,4019.25,True,Cervezas,False
184924,,1074392811,184924_1074392811,48040,Antares Cerveza Artesanal Honey,Antares,1 X 473 mL,3247.3,True,Cervezas,False
184924,,2114263233,184924_2114263233,448096,Imperial Cerveza Roja Amber Lager Lata,Imperial,1 X 473 mL,3007.2,True,Cervezas,False
184924,,1074392805,184924_1074392805,16183,Kunstmann Torobayo Lata 470ml,Kunstmann,1 X 470 mL,5189,True,Cervezas,False
184924,,1074392831,184924_1074392831,14038,Pampa Brewing Amber Ale Lata 473ml,Pampa,1 X 473 mL,2600.15,True,Cervezas,False
184924,,1074392815,184924_1074392815,86175,Rabieta Cerveza Irish Red Ale,Rabieta,1 X 473 mL,3407.65,True,Cervezas,False
184924,,1074392822,184924_1074392822,57990,Antares Cerveza Scotch,Antares,1 X 473 mL,3233.3,True,Cervezas,False
184924,,1074392807,184924_1074392807,2621,Rabieta Cerveza Red Honey,Rabieta,1 X 473 mL,3365.15,True,Cervezas,False
184924,,2114630022,184924_2114630022,285422,Salta Cerveza Cautiva Roja,Salta,1 X 473 mL,3549,True,Cervezas,False
184924,,2114263236,184924_2114263236,616408,Imperial Cerveza Sin Alcohol Roja,Imperial,1 X 355 mL,1399,False,Cervezas,False
184924,,2482853,184924_2482853,300550,Cerveza Quilmes Stout 473 cc,Quilmes,1 X 473 mL,2319.2,True,Cervezas,False
184924,,2482873,184924_2482873,13942,Imperial Cerveza Negra Cream Stout en Lata,Imperial,1 X 473 mL,3779,True,Cervezas,False
184924,,2114869440,184924_2114869440,299182,Pampa Brewing Nitro Cream Stout 473ml,Pampa,1 X 473 mL,2846.65,True,Cervezas,False
184924,,1074804154,184924_1074804154,299187,Guinness Cerveza Extra Stout,Guinnes,1 X 473 mL,3832.65,True,Cervezas,False
184924,,2469437,184924_2469437,359073,Cerveza Stella Artois Noire 473 cc,Stella Artois,1 X 473 mL,3261.75,True,Cervezas,False
184924,,2469353,184924_2469353,354811,Cerveza Patagonia 24.7 473 cc,Patagonia,1 X 473 mL,3245.4,True,Cervezas,False
184924,,2114318537,184924_2114318537,681636,Corona Cerveza Cero,Corona 0,1 X 330 mL,2694.3,True,Cervezas,False
184924,,2469389,184924_2469389,156749,Cerveza Quilmes Clásica 473 cc,Quilmes,1 X 473 mL,2076.75,True,Cervezas,False
184924,,2114629797,184924_2114629797,620352,Miller Genuine Draft Cerveza,Miller,1 X 330 mL,2861.45,True,Cervezas,False
184924,,2114084426,184924_2114084426,595866,Stella Artois Cerveza Premium Lager,Stella Artois,1 x 710 mL,3905.4,True,Cervezas,False
184924,,2469547,184924_2469547,37640,Cerveza Budweiser 473 cc,Budweiser,1 X 473 mL,2535.2,True,Cervezas,False
184924,,2469420,184924_2469420,63327,Stella Artois Cerveza Rubia,Stella Artois,1 X 473 mL,3306.75,True,Cervezas,False
184924,,2482833,184924_2482833,13982,Grolsch Cerveza Pilsner,Grolsch,1 X 473 mL,4459,True,Cervezas,False
184924,,2114629800,184924_2114629800,631362,Salta Cerveza Session Ipa,Salta Cautiva,1 x 473 mL,3539,True,Cervezas,False
184924,,1074392827,184924_1074392827,29240,Rabieta Cerveza American Ipa,Rabieta,1 X 473 mL,2154.5,True,Cervezas,False
184924,,1074485103,184924_1074485103,32074,Imperial Cerveza Lager Dorada Lata 710ml,Imperial,1 X 710 mL,3562.3,True,Cervezas,False
184924,,1074392810,184924_1074392810,186129,Pampa Brewing Cerveza Honey Lata 473 ml,Pampa,1 X 473 mL,2557.65,True,Cervezas,False
184924,,2469371,184924_2469371,597816,Cerveza Miller,Miller,1 X 473.0 mL,2586.35,True,Cervezas,False
184924,,1074392820,184924_1074392820,74252,Pampa Cerveza Dorada Lata 473 ml,Pampa,1 X 473.0 mL,2407.2,True,Cervezas,False
184924,,2114951104,184924_2114951104,948216,Schneider Bebida Refrescante Remix Limón,Schneider,1 x 473 mL,3079,True,Cervezas,False
184924,,2469564,184924_2469564,16264,Schneider Cerveza Rubia Lager,Schneider,1 X 473.0 mL,2591.65,True,Cervezas,False
184924,,2112599376,184924_2112599376,186987,Rabieta Cerveza Helles Munich,Rabieta,1 X 473 mL,1563.6,True,Cervezas,False
184924,,2114887563,184924_2114887563,830900,Cerveza Brahma 710 mL,Brahma,710 mL,3009.3,True,Cervezas,False
184924,,2114871768,184924_2114871768,916751,Cerveza Guinness Hop House,,473 mL,3127.2,True,Cervezas,False
184924,,2114318535,184924_2114318535,681638,Corona Cerveza,Corona,1 X 473 mL,3053.4,True,Cervezas,False
184924,,2469589,184924_2469589,196655,Imperial Cerveza Extra Lager,Imperial,1 X 473 mL,2823.2,True,Cervezas,False
184924,,2115096846,184924_2115096846,993849,Estrella Galicia Cerveza sin Gluten Lata 330ml,Estrella Galicia,1 x 330 mL,3409,True,Cervezas,False
184924,,1074392823,184924_1074392823,90470,Pampa Brewing Cerveza IPA Lata 473 ml,Pampa,1 X 473 mL,2812.65,True,Cervezas,False
184924,,1074518352,184924_1074518352,673325,Antares Cerveza Ipa,Antares,1 x 473 mL,3163.3,True,Cervezas,False
184924,,2114708567,184924_2114708567,837368,Imperial Cerveza Golden,Imperial,1 x 330 cc,2778.3,True,Cervezas,False
184924,,2114434307,184924_2114434307,688392,Antares Cerveza Lager,Antares,1 x 473 mL,2694.3,True,Cervezas,False
184924,,2114481637,184924_2114481637,763756,Cerveza Patagonia Lager Del Sur 473 cc,Patagonia,1 X 473 mL,3479.4,True,Cervezas,False
184924,,2482879,184924_2482879,606296,Amstel Cerveza Lager Pura Malta ,Amstel,1 X 473 mL,2487.2,True,Cervezas,False
184924,,2114869743,184924_2114869743,892720,Imperial Cerveza Sin Alcohol Golden,,1 x 473 cc,1669.85,True,Cervezas,False
184924,,2115002412,184924_2115002412,967817,Corona Cerveza 0.0,,473 mL,2526.3,True,Cervezas,False
184924,,2533061,184924_2533061,156788,Imperial Apa Cerveza American Pale Ale Rubia,Imperial,1 X 473 mL,3799,True,Cervezas,False
184924,,2114967292,184924_2114967292,234919,Peroni Cerveza,Peroni,1 X 330 mL,3764.25,True,Cervezas,False
184924,,2114564915,184924_2114564915,128218,Starberg Cerveza Lager,Sol,1 X 500 mL,1934.25,True,Cervezas,False
184924,,1074392833,184924_1074392833,81936,Antares Kolsch Cerveza ,Antares,1 X 473 mL,3198.3,True,Cervezas,False
184924,,2114263234,184924_2114263234,354442,Miller Cerveza Genuine Draft en Lata,Miller,1 X 710 mL,3808.35,True,Cervezas,False
184924,,2115129133,184924_2115129133,998321,Ipa Cerveza Antares Especiales Sin Alcohol,,1 x 473 mL,2820.3,True,Cervezas,False
184924,,2114833047,184924_2114833047,41331,Santa Fe Cerveza Rubia,Blonde,1 X 473 mL,2959,True,Cervezas,False
184924,,2114970867,184924_2114970867,955344,Asahi Cerveza Dry,,1 x 330 cc,4304.25,True,Cervezas,False
184924,,2114629949,184924_2114629949,532515,Grolsch Cerveza Ipa,Grolsch,1 X 473 mL,3546.75,True,Cervezas,False
184924,,2114897271,184924_2114897271,25531,Bitburger Cerveza,Bitburger,1 X 330 mL,5099,True,Cervezas,False
184924,,2114481639,184924_2114481639,763757,Cerveza Patagonia Lager Del Sur 730 cc,Patagonia,1 X 730 mL,4589.4,True,Cervezas,False
184924,,2482831,184924_2482831,193507,Warsteiner Cerveza Rubia,Warsteiner,1 X 473 mL,3949,True,Cervezas,False
184924,,1074485096,184924_1074485096,170987,Salta Cautiva Cerveza Rubia,Salta,1 X 473 mL,3539,True,Cervezas,False
184924,,2114019305,184924_2114019305,626222,Blue Moon Belgian White Lata 473 ml,Blue Moon,1 x 473 mL,3709.3,True,Cervezas,False
184924,,1074392819,184924_1074392819,91592,Cerveza Kunstmann Session Ipa 470ml,Kunstmann,1 X 470 mL,4969,True,Cervezas,False
184924,,2114926558,184924_2114926558,953712,Cerveza Lager Estrella Del Sur Lata,,500 mL,1459,True,Cervezas,False
184924,,2533062,184924_2533062,156784,Imperial Cerveza Ligera Golden,Imperial,1 X 473 mL,2847.2,False,Cervezas,False
184924,,2114238683,184924_2114238683,93612,Antares Cerveza Caravana Session Ipa,Antares,1 X 473 mL,3275.3,False,Cervezas,False
184924,,2482864,184924_2482864,354820,Cerveza Patagonia Bohemian 473 cc,Patagonia,1 X 473 mL,4037.4,False,Cervezas,False
184924,,1074739728,184924_1074739728,364118,Imperial Golden Lata 710ml,Imperial,1 X 710 mL,3555.3,False,Cervezas,False
184924,,2533055,184924_2533055,433532,Cerveza Temple Wolf Ipa 473 cc,Temple,1 X 473 mL,3509.4,False,Cervezas,False
184924,,2112096354,184924_2112096354,478065,Cerveza Corona 410 cc,Corona,1 X 410 mL,6369,False,Cervezas,False
184924,,2114013445,184924_2114013445,522389,Heineken Cerveza sin Alcohol,Heineken Cero,1 X 355 mL,2369,False,Cervezas,False
184924,,2114272855,184924_2114272855,0,6 x Sixpack Heineken Cerveza,,,27714,True,Cervezas,False
184924,,2114632987,184924_2114632987,0,6 x Corona Porrón 330 mL,,,17852.4,True,Cervezas,False
184924,,2114272833,184924_2114272833,0,6 x Andes Cerveza Rubia Origen Mendocina,,,12200.4,True,Cervezas,False
184924,,2114272827,184924_2114272827,0,6 x Andes Cerveza Ipa Origen Mendocina,,,14000.4,True,Cervezas,False
184924,,2114272846,184924_2114272846,0,6 x Sixpack Michelob Ultra,,,13217.1,True,Cervezas,False
184924,,2114272853,184924_2114272853,0,6 x Sixpack Amstel Cerveza Lager,,,18654,True,Cervezas,False
184924,,2114272858,184924_2114272858,0,6 x Sixpack Schneider Cerveza Rubia,,,18294,True,Cervezas,False
184924,,2114641631,184924_2114641631,0,6 x Heineken Rubia 710 mL,,,34623.9,True,Cervezas,False
184924,,2114272836,184924_2114272836,0,6 x Budweiser Cerveza Rubia,,,12359.1,True,Cervezas,False
184924,,2114272837,184924_2114272837,0,6 x Stella Artois Cerveza Rubia,,,15872.4,True,Cervezas,False
184924,,2114656367,184924_2114656367,0,6 x Corona 473 mL,,,18320.4,True,Cervezas,False
184924,,2114641635,184924_2114641635,0,6 x Schneider Lager 710 mL,,,25914,True,Cervezas,False
184924,,2114272830,184924_2114272830,0,6 x Andes Cerveza Roja Origen Mendocina,,,13712.4,True,Cervezas,False
184924,,2114272835,184924_2114272835,0,6 x Brahma Cerveza,,,11696.1,True,Cervezas,False
184924,,2114272845,184924_2114272845,0,6 x Stella Artois 0.0%,,,13568.4,True,Cervezas,False
184924,,2114272843,184924_2114272843,0,6 x Sixpack Patagonia Cerveza Session Ipa K24.7,,,19472.4,True,Cervezas,False
184924,,2114272842,184924_2114272842,0,6 x Patagonia Cerveza Amber Lager,,,19256.4,True,Cervezas,False
184924,,2114272847,184924_2114272847,0,6 x Quilmes Cerveza Clásica,,,10760.1,True,Cervezas,False
184924,,2114272844,184924_2114272844,0,6 x Patagonia Vera Ipa,,,18932.4,True,Cervezas,False
184924,,2114272839,184924_2114272839,0,6 x Quilmes 0.0% Cerveza Rubia,,,7619.7,True,Cervezas,False
184924,,2114272851,184924_2114272851,0,6 x Sixpack Imperial Cerveza Ipa,,,23154,True,Cervezas,False
184924,,2114272857,184924_2114272857,0,6 x Sixpack Miller Cerveza,,,23874,True,Cervezas,False
184924,,2114272859,184924_2114272859,0,6 x Sixpack Salta Cautiva Cerveza Rubia,,,21234,True,Cervezas,False
184924,,2114633688,184924_2114633688,0,6 x Imperial APA 47 3mL,,,22794,True,Cervezas,False
184924,,2528354,184924_2528354,271499,Cerveza Quilmes 0% 473 cc,Quilmes 0,1 X 473 mL,1616.3,True,Cervezas,True
184924,,2115096847,184924_2115096847,993850,Estrella Galicia Cerveza 0.0 Tostada Lata 330ml,Estrella Galicia,1 x 330 mL,3899,True,Cervezas,False
185340,,2114871768,185340_2114871768,916751,Cerveza Guinness Hop House,,473 mL,3311.2,True,Cervezas,False
185340,,2469372,185340_2469372,428367,Heineken Cerveza Rubia,Heineken,1 X 473 mL,3727.2,True,Cervezas,False
185340,,2114083629,185340_2114083629,57613,Cerveza Patagonia Vera Ipa 473 cc,Patagonia,1 X 473 mL,2734.5,True,Cervezas,False
185340,,1074483987,185340_1074483987,96872,Heineken Cerveza Rubia en Lata,Heineken,1 X 710.0 mL,5091.75,True,Cervezas,False
185340,,2482851,185340_2482851,628296,Cerveza Patagonia Amber Lager 730 cc,Patagonia,1 X 730 mL,5901.75,True,Cervezas,False
185340,,2539095,185340_2539095,188850,Corona Cerveza Rubia,Corona,1 X 710 mL,5808.75,True,Cervezas,False
185340,,2111346548,185340_2111346548,85169,1890 Cerveza Rubia,1890,1 X 473 mL,2489,True,Cervezas,False
185340,,2114120281,185340_2114120281,156789,Schneider Cerveza Lager,Schneider,1 X 710 mL,3239.25,True,Cervezas,False
185340,,2482872,185340_2482872,442634,Cerveza Andes Origen Ipa 473 cc,Andes Origen,1 X 473.0 mL,2954.25,True,Cervezas,False
185340,,2482871,185340_2482871,162208,Corona Cerveza Tipo Lager 330 ml,Corona,1 X 330.0 mL,3861.75,True,Cervezas,False
185340,,2114951104,185340_2114951104,948216,Schneider Bebida Refrescante Remix Limón,Schneider,1 x 473 mL,3079,True,Cervezas,False
185340,,2469564,185340_2469564,16264,Schneider Cerveza Rubia Lager,Schneider,1 X 473.0 mL,2625.65,True,Cervezas,False
185340,,2482855,185340_2482855,288202,Cerveza Brahma Chopp 473 cc,Brahma,1 X 473.0 mL,2316.75,True,Cervezas,False
185340,,2469339,185340_2469339,262474,Cerveza Andes Origen Rubia 473 cc,Andes Origen,1 X 473 mL,2811.75,True,Cervezas,False
185340,,2114084425,185340_2114084425,612401,Michelob Cerveza Light Ultra,Michelob Ultra,1 X 473 mL,2759.2,True,Cervezas,False
185340,,2482874,185340_2482874,43389,Heineken Cerveza Original,Heineken,1 X 330 mL,3711.75,True,Cervezas,False
185340,,2114629803,185340_2114629803,629042,Stella Artois Cerveza,Stella Artois,1 x 330 mL,3411.75,True,Cervezas,False
185340,,2469547,185340_2469547,37640,Cerveza Budweiser 473 cc,Budweiser,1 X 473 mL,2631.2,True,Cervezas,False
185340,,2469409,185340_2469409,442640,Cerveza Andes Origen Roja 473 cc,Andes Origen,1 X 473 mL,2939.25,True,Cervezas,False
185340,,2115232278,185340_2115232278,1018337,Stella Artois Cerveza 710 ml,,1 x 710 mL,4746,True,Cervezas,False
185340,,2111346558,185340_2111346558,288198,Cerveza Patagonia Ipa 730 cc,Patagonia,1 X 730 mL,5864.25,True,Cervezas,False
185340,,2482839,185340_2482839,228999,Cerveza Patagonia Amber Lager 473 cc,Patagonia,1 X 473 mL,4191.75,True,Cervezas,False
185340,,1074392831,185340_1074392831,14038,Pampa Brewing Amber Ale Lata 473ml,Pampa,1 X 473 mL,2710.65,True,Cervezas,False
185340,,1074392807,185340_1074392807,2621,Rabieta Cerveza Red Honey,Rabieta,1 X 473 mL,3509.65,True,Cervezas,False
185340,,1074392811,185340_1074392811,48040,Antares Cerveza Artesanal Honey,Antares,1 X 473 mL,3261.3,True,Cervezas,False
185340,,2114630022,185340_2114630022,285422,Salta Cerveza Cautiva Roja,Salta,1 X 473 mL,3549,True,Cervezas,False
185340,,2114263233,185340_2114263233,448096,Imperial Cerveza Roja Amber Lager Lata,Imperial,1 X 473 mL,2983.2,True,Cervezas,False
185340,,1074392815,185340_1074392815,86175,Rabieta Cerveza Irish Red Ale,Rabieta,1 X 473 mL,3543.65,True,Cervezas,False
185340,,1074392805,185340_1074392805,16183,Kunstmann Torobayo Lata 470ml,Kunstmann,1 X 470 mL,5189,True,Cervezas,False
185340,,1074392822,185340_1074392822,57990,Antares Cerveza Scotch,Antares,1 X 473 mL,3233.3,True,Cervezas,False
185340,,2533056,185340_2533056,363386,Cerveza Temple Scottish 473 cc,Temple,1 X 473 mL,4389,False,Cervezas,True
185340,,2114263236,185340_2114263236,616408,Imperial Cerveza Sin Alcohol Roja,Imperial,1 X 355 mL,1399,False,Cervezas,False
185340,,1074804154,185340_1074804154,299187,Guinness Cerveza Extra Stout,Guinnes,1 X 473 mL,4011.15,True,Cervezas,False
185340,,2482853,185340_2482853,300550,Cerveza Quilmes Stout 473 cc,Quilmes,1 X 473 mL,2367.2,True,Cervezas,False
185340,,2482873,185340_2482873,13942,Imperial Cerveza Negra Cream Stout en Lata,Imperial,1 X 473 mL,3779,True,Cervezas,False
185340,,2469437,185340_2469437,359073,Cerveza Stella Artois Noire 473 cc,Stella Artois,1 X 473 mL,3396.75,True,Cervezas,False
185340,,2114869440,185340_2114869440,299182,Pampa Brewing Nitro Cream Stout 473ml,Pampa,1 X 473 mL,2957.15,True,Cervezas,False
185340,,2114566587,185340_2114566587,264275,Kostritzer Cerveza Schwarzbier,Kostritzer,1 X 500 mL,7069,True,Cervezas,False
185340,,2114632987,185340_2114632987,0,6 x Corona Porrón 330 mL,,,18536.4,True,Cervezas,False
185340,,2114272855,185340_2114272855,0,6 x Sixpack Heineken Cerveza,,,27354,True,Cervezas,False
185340,,2114272833,185340_2114272833,0,6 x Andes Cerveza Rubia Origen Mendocina,,,13496.4,True,Cervezas,False
185340,,2114272827,185340_2114272827,0,6 x Andes Cerveza Ipa Origen Mendocina,,,14144.4,True,Cervezas,False
185340,,2114633462,185340_2114633462,0,6 x Stella Artois Porrón 330 mL,,,16556.4,True,Cervezas,False
185340,,2114272846,185340_2114272846,0,6 x Sixpack Michelob Ultra,,,13373.1,True,Cervezas,False
185340,,2114272837,185340_2114272837,0,6 x Stella Artois Cerveza Rubia,,,16412.4,True,Cervezas,False
185340,,2114633690,185340_2114633690,0,6 x Miller Rubia 330 mL,,,26315.28,True,Cervezas,False
185340,,2114272836,185340_2114272836,0,6 x Budweiser Cerveza Rubia,,,12710.1,True,Cervezas,False
185340,,2114641631,185340_2114641631,0,6 x Heineken Rubia 710 mL,,,35133.9,True,Cervezas,False
185340,,2114272858,185340_2114272858,0,6 x Sixpack Schneider Cerveza Rubia,,,18594,True,Cervezas,False
185340,,2114272835,185340_2114272835,0,6 x Brahma Cerveza,,,12047.1,True,Cervezas,False
185340,,2114272853,185340_2114272853,0,6 x Sixpack Amstel Cerveza Lager,,,18594,True,Cervezas,False
185340,,2114641635,185340_2114641635,0,6 x Schneider Lager 710 mL,,,25914,True,Cervezas,False
185340,,2114272847,185340_2114272847,0,6 x Quilmes Cerveza Clásica,,,11111.1,True,Cervezas,False
185340,,2114641633,185340_2114641633,0,6 x Amstel Lager 710 mL,,,16088.4,True,Cervezas,False
185340,,2114272854,185340_2114272854,0,6 x Sixpack Grolsch Cerveza,,,26934,True,Cervezas,False
185340,,2114272843,185340_2114272843,0,6 x Sixpack Patagonia Cerveza Session Ipa K24.7,,,20336.4,True,Cervezas,False
185340,,2114272857,185340_2114272857,0,6 x Sixpack Miller Cerveza,,,23994,True,Cervezas,False
185340,,2114272842,185340_2114272842,0,6 x Patagonia Cerveza Amber Lager,,,20084.4,True,Cervezas,False
185340,,2114272845,185340_2114272845,0,6 x Stella Artois 0.0%,,,13856.4,True,Cervezas,False
185340,,2114272830,185340_2114272830,0,6 x Andes Cerveza Roja Origen Mendocina,,,14108.4,True,Cervezas,False
185340,,2114649584,185340_2114649584,0,4 x Quilmes Clásica 710 mL,,,11589.2,True,Cervezas,False
185340,,2114272829,185340_2114272829,0,6 x Quilmes Cerveza Stout,,,12427.8,True,Cervezas,False
185340,,2114272839,185340_2114272839,0,6 x Quilmes 0.0% Cerveza Rubia,,,7850.7,True,Cervezas,False
185340,,2114272864,185340_2114272864,0,6 x Sixpack Warsteiner Cerveza,,,23814,True,Cervezas,False
185340,,2114632988,185340_2114632988,0,6 x Andes Origen Oro 473 mL,,,13388.4,True,Cervezas,False
185340,,2115195685,185340_2115195685,1008864,Antares Cerveza Lager Porron,Antares,1 x 330 mL,2652.3,True,Cervezas,False
185340,,1074392819,185340_1074392819,91592,Cerveza Kunstmann Session Ipa 470ml,Kunstmann,1 X 470 mL,5019,True,Cervezas,False
185340,,2114318537,185340_2114318537,681636,Corona Cerveza Cero,Corona 0,1 X 330 mL,2138.95,True,Cervezas,False
185340,,2114833020,185340_2114833020,871704,Heineken Cerveza Sin Alcohol,Heineken,1 x 473 mL,3039.2,True,Cervezas,False
185340,,2114084532,185340_2114084532,604026,Cerveza Stella Artois 0% 473 cc,Stella Artois 0,1 x 473 mL,2309.4,True,Cervezas,False
185340,,2114869743,185340_2114869743,892720,Imperial Cerveza Sin Alcohol Golden,,1 x 473 cc,1715.35,True,Cervezas,False
185340,,2528354,185340_2528354,271499,Cerveza Quilmes 0% 473 cc,Quilmes 0,1 X 473 mL,1308.45,True,Cervezas,False
185340,,2115129133,185340_2115129133,998321,Ipa Cerveza Antares Especiales Sin Alcohol,,1 x 473 mL,4745.3,True,Cervezas,False
185340,,2115002412,185340_2115002412,967817,Corona Cerveza 0.0,,473 mL,1984.95,True,Cervezas,False
185340,,2115220400,185340_2115220400,533969,Heineken Cerveza 0.0 Lata 330ml,Heineken,1 X 330 mL,3739,True,Cervezas,False
185340,,2115096847,185340_2115096847,993850,Estrella Galicia Cerveza 0.0 Tostada Lata 330ml,Estrella Galicia,1 x 330 mL,3409,True,Cervezas,False
185340,,2114013445,185340_2114013445,522389,Heineken Cerveza sin Alcohol,Heineken Cero,1 X 355 mL,2369,False,Cervezas,False
186327,,1074483987,186327_1074483987,96872,Heineken Cerveza Rubia en Lata,Heineken,1 X 710.0 mL,5166.75,True,Cervezas,False
186327,,2539095,186327_2539095,188850,Corona Cerveza Rubia,Corona,1 X 710 mL,4879.35,True,Cervezas,True
186327,,2469437,186327_2469437,359073,Cerveza Stella Artois Noire 473 cc,Stella Artois,1 X 473 mL,2609.4,True,Cervezas,False
186327,,2482872,186327_2482872,442634,Cerveza Andes Origen Ipa 473 cc,Andes Origen,1 X 473.0 mL,2333.4,True,Cervezas,True
186327,,2114084425,186327_2114084425,612401,Michelob Cerveza Light Ultra,Michelob Ultra,1 X 473 mL,2163.85,True,Cervezas,True
186327,,2111346548,186327_2111346548,85169,1890 Cerveza Rubia,1890,1 X 473 mL,2090.15,True,Cervezas,False
186327,,2469339,186327_2469339,262474,Cerveza Andes Origen Rubia 473 cc,Andes Origen,1 X 473 mL,2033.4,True,Cervezas,True
186327,,2482871,186327_2482871,162208,Corona Cerveza Tipo Lager 330 ml,Corona,1 X 330.0 mL,2975.4,True,Cervezas,True
186327,,2114951104,186327_2114951104,948216,Schneider Bebida Refrescante Remix Limón,Schneider,1 x 473 mL,3079,True,Cervezas,False
186327,,2482855,186327_2482855,288202,Cerveza Brahma Chopp 473 cc,Brahma,1 X 473.0 mL,1949.35,True,Cervezas,True
186327,,2482874,186327_2482874,43389,Heineken Cerveza Original,Heineken,1 X 330 mL,3674.25,True,Cervezas,False
186327,,2114318537,186327_2114318537,681636,Corona Cerveza Cero,Corona 0,1 X 330 mL,2111.45,True,Cervezas,True
186327,,2469371,186327_2469371,597816,Cerveza Miller,Miller,1 X 473.0 mL,2586.35,True,Cervezas,False
186327,,2469420,186327_2469420,63327,Stella Artois Cerveza Rubia,Stella Artois,1 X 473 mL,2645.4,True,Cervezas,True
186327,,2114629803,186327_2114629803,629042,Stella Artois Cerveza,Stella Artois,1 x 330 mL,2657.4,True,Cervezas,True
186327,,2482833,186327_2482833,13982,Grolsch Cerveza Pilsner,Grolsch,1 X 473 mL,4489,True,Cervezas,False
186327,,2469409,186327_2469409,442640,Cerveza Andes Origen Roja 473 cc,Andes Origen,1 X 473 mL,2856.75,True,Cervezas,False
186327,,2482839,186327_2482839,228999,Cerveza Patagonia Amber Lager 473 cc,Patagonia,1 X 473 mL,4019.25,True,Cervezas,False
186327,,2111346558,186327_2111346558,288198,Cerveza Patagonia Ipa 730 cc,Patagonia,1 X 730 mL,5639.25,True,Cervezas,False
186327,,2114318535,186327_2114318535,681638,Corona Cerveza,Corona,1 X 473 mL,3053.4,True,Cervezas,False
186327,,2114263233,186327_2114263233,448096,Imperial Cerveza Roja Amber Lager Lata,Imperial,1 X 473 mL,2983.2,True,Cervezas,False
186327,,1074392822,186327_1074392822,57990,Antares Cerveza Scotch,Antares,1 X 473 mL,3233.3,True,Cervezas,False
186327,,2114630022,186327_2114630022,285422,Salta Cerveza Cautiva Roja,Salta,1 X 473 mL,3589,True,Cervezas,False
186327,,2482851,186327_2482851,628296,Cerveza Patagonia Amber Lager 730 cc,Patagonia,1 X 730 mL,5676.75,False,Cervezas,False
186327,,2482873,186327_2482873,13942,Imperial Cerveza Negra Cream Stout en Lata,Imperial,1 X 473 mL,3799,True,Cervezas,False
186327,,2482853,186327_2482853,300550,Cerveza Quilmes Stout 473 cc,Quilmes,1 X 473 mL,2029.3,True,Cervezas,False
186327,,2114083630,186327_2114083630,583007,Cerveza Andes Origen Rubia 710 cc,Andes,1 X 710 mL,3327.35,True,Cervezas,False
186327,,2469353,186327_2469353,354811,Cerveza Patagonia 24.7 473 cc,Patagonia,1 X 473 mL,3263.4,True,Cervezas,False
186327,,2111346555,186327_2111346555,229428,Andes Origen Cerveza Negra en Lata,Andes Origen,1 X 473 mL,2273.4,True,Cervezas,False
186327,,1074804154,186327_1074804154,299187,Guinness Cerveza Extra Stout,Guinnes,1 X 473 mL,3756.15,True,Cervezas,False
186327,,2469372,186327_2469372,428367,Heineken Cerveza Rubia,Heineken,1 X 473 mL,3647.2,True,Cervezas,False
186327,,2114120281,186327_2114120281,156789,Schneider Cerveza Lager,Schneider,1 X 710 mL,3239.25,True,Cervezas,False
186327,,2482879,186327_2482879,606296,Amstel Cerveza Lager Pura Malta ,Amstel,1 X 473 mL,2487.2,True,Cervezas,False
186327,,2469564,186327_2469564,16264,Schneider Cerveza Rubia Lager,Schneider,1 X 473.0 mL,2600.15,True,Cervezas,False
186327,,2469547,186327_2469547,37640,Cerveza Budweiser 473 cc,Budweiser,1 X 473 mL,2059.85,True,Cervezas,True
186327,,2469389,186327_2469389,156749,Cerveza Quilmes Clásica 473 cc,Quilmes,1 X 473 mL,1793.35,True,Cervezas,False
186327,,2114833020,186327_2114833020,871704,Heineken Cerveza Sin Alcohol,Heineken,1 x 473 mL,3023.2,True,Cervezas,False
186327,,2114262372,186327_2114262372,581510,Amstel Cerveza Lager,Amstel,1 X 710.0 mL,3128.3,True,Cervezas,False
186327,,2114629634,186327_2114629634,43537,Miller Cerveza Rubia,Miller,1 X 600 mL,4243.85,True,Cervezas,False
186327,,1074485103,186327_1074485103,32074,Imperial Cerveza Lager Dorada Lata 710ml,Imperial,1 X 710 mL,3590.3,True,Cervezas,False
186327,,1074392810,186327_1074392810,186129,Pampa Brewing Cerveza Honey Lata 473 ml,Pampa,1 X 473 mL,2557.65,True,Cervezas,False
186327,,2114084426,186327_2114084426,595866,Stella Artois Cerveza Premium Lager,Stella Artois,1 x 710 mL,3911.4,True,Cervezas,False
186327,,1074392820,186327_1074392820,74252,Pampa Cerveza Dorada Lata 473 ml,Pampa,1 X 473.0 mL,2407.2,True,Cervezas,False
186327,,2112599376,186327_2112599376,186987,Rabieta Cerveza Helles Munich,Rabieta,1 X 473 mL,1563.6,True,Cervezas,False
186327,,2114887563,186327_2114887563,830900,Cerveza Brahma 710 mL,Brahma,710 mL,3058.3,True,Cervezas,False
186327,,2114871768,186327_2114871768,916751,Cerveza Guinness Hop House,,473 mL,3127.2,True,Cervezas,False
186327,,2469589,186327_2469589,196655,Imperial Cerveza Extra Lager,Imperial,1 X 473 mL,2839.2,True,Cervezas,False
186327,,1074392829,186327_1074392829,94687,Rabieta Cerveza Golden Ale,Rabieta,1 X 473 mL,3127.2,True,Cervezas,False
186327,,1074518352,186327_1074518352,673325,Antares Cerveza Ipa,Antares,1 x 473 mL,3163.3,True,Cervezas,False
186327,,2114708567,186327_2114708567,837368,Imperial Cerveza Golden,Imperial,1 x 330 cc,2771.3,True,Cervezas,False
186327,,2114434307,186327_2114434307,688392,Antares Cerveza Lager,Antares,1 x 473 mL,2715.3,True,Cervezas,False
186327,,2114481637,186327_2114481637,763756,Cerveza Patagonia Lager Del Sur 473 cc,Patagonia,1 X 473 mL,3479.4,True,Cervezas,False
186327,,2114869743,186327_2114869743,892720,Imperial Cerveza Sin Alcohol Golden,,1 x 473 cc,1715.35,True,Cervezas,False
186327,,2114629797,186327_2114629797,620352,Miller Genuine Draft Cerveza,Miller,1 X 330 mL,2861.45,True,Cervezas,False
186327,,2533049,186327_2533049,362210,Imperial Cerveza Ipa,Imperial,1 X 473 mL,3063.2,True,Cervezas,False
186327,,2533061,186327_2533061,156788,Imperial Apa Cerveza American Pale Ale Rubia,Imperial,1 X 473 mL,3839,True,Cervezas,False
186327,,2533062,186327_2533062,156784,Imperial Cerveza Ligera Golden,Imperial,1 X 473 mL,2847.2,True,Cervezas,False
186327,,2114564915,186327_2114564915,128218,Starberg Cerveza Lager,Sol,1 X 500 mL,1934.25,True,Cervezas,False
186327,,1074392833,186327_1074392833,81936,Antares Kolsch Cerveza ,Antares,1 X 473 mL,3212.3,True,Cervezas,False
186327,,2114833047,186327_2114833047,41331,Santa Fe Cerveza Rubia,Blonde,1 X 473 mL,2959,True,Cervezas,False
186327,,2114970867,186327_2114970867,955344,Asahi Cerveza Dry,,1 x 330 cc,4386.75,True,Cervezas,False
186327,,2114629949,186327_2114629949,532515,Grolsch Cerveza Ipa,Grolsch,1 X 473 mL,3591.75,True,Cervezas,False
186327,,2114481639,186327_2114481639,763757,Cerveza Patagonia Lager Del Sur 730 cc,Patagonia,1 X 730 mL,4589.4,True,Cervezas,False
186327,,2482831,186327_2482831,193507,Warsteiner Cerveza Rubia,Warsteiner,1 X 473 mL,3969,True,Cervezas,False
186327,,1074485096,186327_1074485096,170987,Salta Cautiva Cerveza Rubia,Salta,1 X 473 mL,3549,True,Cervezas,False
186327,,2114084532,186327_2114084532,604026,Cerveza Stella Artois 0% 473 cc,Stella Artois 0,1 x 473 mL,2261.4,False,Cervezas,True
186327,,2114238683,186327_2114238683,93612,Antares Cerveza Caravana Session Ipa,Antares,1 X 473 mL,3191.3,False,Cervezas,False
186327,,2114019305,186327_2114019305,626222,Blue Moon Belgian White Lata 473 ml,Blue Moon,1 x 473 mL,3709.3,False,Cervezas,False
186327,,2482864,186327_2482864,354820,Cerveza Patagonia Bohemian 473 cc,Patagonia,1 X 473 mL,4037.4,False,Cervezas,False
186327,,1074739728,186327_1074739728,364118,Imperial Golden Lata 710ml,Imperial,1 X 710 mL,3569.3,False,Cervezas,False
186327,,2533055,186327_2533055,433532,Cerveza Temple Wolf Ipa 473 cc,Temple,1 X 473 mL,3509.4,False,Cervezas,False
186327,,2112096354,186327_2112096354,478065,Cerveza Corona 410 cc,Corona,1 X 410 mL,6369,False,Cervezas,False
186327,,2114013445,186327_2114013445,522389,Heineken Cerveza sin Alcohol,Heineken Cero,1 X 355 mL,2369,False,Cervezas,False
207836,,1074392815,207836_1074392815,86175,Rabieta Cerveza Irish Red Ale,Rabieta,1 X 473 mL,3399.15,True,Cervezas,False
207836,,2539095,207836_2539095,188850,Corona Cerveza Rubia,Corona,1 X 710 mL,4647,True,Cervezas,False
207836,,2482872,207836_2482872,442634,Cerveza Andes Origen Ipa 473 cc,Andes Origen,1 X 473.0 mL,2333.4,True,Cervezas,False
207836,,2111346548,207836_2111346548,85169,1890 Cerveza Rubia,1890,1 X 473 mL,2090.15,True,Cervezas,False
207836,,1074483987,207836_1074483987,96872,Heineken Cerveza Rubia en Lata,Heineken,1 X 710.0 mL,5061.75,True,Cervezas,False
207836,,2469371,207836_2469371,597816,Cerveza Miller,Miller,1 X 473.0 mL,2573.35,True,Cervezas,False
207836,,2469339,207836_2469339,262474,Cerveza Andes Origen Rubia 473 cc,Andes Origen,1 X 473 mL,2021.4,True,Cervezas,False
207836,,2114629803,207836_2114629803,629042,Stella Artois Cerveza,Stella Artois,1 x 330 mL,2621.4,True,Cervezas,False
207836,,2482874,207836_2482874,43389,Heineken Cerveza Original,Heineken,1 X 330 mL,3629.25,True,Cervezas,False
207836,,2114263234,207836_2114263234,354442,Miller Cerveza Genuine Draft en Lata,Miller,1 X 710 mL,3814.85,True,Cervezas,False
207836,,2482871,207836_2482871,162208,Corona Cerveza Tipo Lager 330 ml,Corona,1 X 330.0 mL,2975.4,True,Cervezas,False
207836,,2114951104,207836_2114951104,948216,Schneider Bebida Refrescante Remix Limón,Schneider,1 x 473 mL,3129,True,Cervezas,False
207836,,2533061,207836_2533061,156788,Imperial Apa Cerveza American Pale Ale Rubia,Imperial,1 X 473 mL,3679,True,Cervezas,False
207836,,2114084425,207836_2114084425,612401,Michelob Cerveza Light Ultra,Michelob Ultra,1 X 473 mL,2202.85,True,Cervezas,False
207836,,2482833,207836_2482833,13982,Grolsch Cerveza Pilsner,Grolsch,1 X 473 mL,4449,True,Cervezas,False
207836,,2114120281,207836_2114120281,156789,Schneider Cerveza Lager,Schneider,1 X 710 mL,3231.75,True,Cervezas,False
207836,,2469409,207836_2469409,442640,Cerveza Andes Origen Roja 473 cc,Andes Origen,1 X 473 mL,2285.4,True,Cervezas,False
207836,,2114019305,207836_2114019305,626222,Blue Moon Belgian White Lata 473 ml,Blue Moon,1 x 473 mL,3709.3,True,Cervezas,False
207836,,2111346558,207836_2111346558,288198,Cerveza Patagonia Ipa 730 cc,Patagonia,1 X 730 mL,4505.4,True,Cervezas,False
207836,,2482851,207836_2482851,628296,Cerveza Patagonia Amber Lager 730 cc,Patagonia,1 X 730 mL,4553.4,True,Cervezas,False
207836,,2482839,207836_2482839,228999,Cerveza Patagonia Amber Lager 473 cc,Patagonia,1 X 473 mL,3221.4,True,Cervezas,False
207836,,1074392811,207836_1074392811,48040,Antares Cerveza Artesanal Honey,Antares,1 X 473 mL,3247.3,True,Cervezas,False
207836,,1074392822,207836_1074392822,57990,Antares Cerveza Scotch,Antares,1 X 473 mL,3205.3,True,Cervezas,False
207836,,2114631084,207836_2114631084,753489,Blue Moon Cerveza Belgian White,Blue Moon,1 x 355 cc,4122.3,True,Cervezas,False
207836,,2114263233,207836_2114263233,448096,Imperial Cerveza Roja Amber Lager Lata,Imperial,1 X 473 mL,2935.2,True,Cervezas,False
207836,,1074392805,207836_1074392805,16183,Kunstmann Torobayo Lata 470ml,Kunstmann,1 X 470 mL,5179,True,Cervezas,False
207836,,2114630022,207836_2114630022,285422,Salta Cerveza Cautiva Roja,Salta,1 X 473 mL,3559,True,Cervezas,False
207836,,1074392831,207836_1074392831,14038,Pampa Brewing Amber Ale Lata 473ml,Pampa,1 X 473 mL,2608.65,True,Cervezas,False
207836,,1074392807,207836_1074392807,2621,Rabieta Cerveza Red Honey,Rabieta,1 X 473 mL,3373.65,True,Cervezas,False
207836,,2533056,207836_2533056,363386,Cerveza Temple Scottish 473 cc,Temple,1 X 473 mL,4339,False,Cervezas,False
207836,,2114263236,207836_2114263236,616408,Imperial Cerveza Sin Alcohol Roja,Imperial,1 X 355 mL,1249,False,Cervezas,False
207836,,2482873,207836_2482873,13942,Imperial Cerveza Negra Cream Stout en Lata,Imperial,1 X 473 mL,3789,True,Cervezas,False
207836,,2482853,207836_2482853,300550,Cerveza Quilmes Stout 473 cc,Quilmes,1 X 473 mL,2029.3,True,Cervezas,False
207836,,2114869440,207836_2114869440,299182,Pampa Brewing Nitro Cream Stout 473ml,Pampa,1 X 473 mL,2846.65,True,Cervezas,False
207836,,2469437,207836_2469437,359073,Cerveza Stella Artois Noire 473 cc,Stella Artois,1 X 473 mL,2609.4,True,Cervezas,False
207836,,2111346555,207836_2111346555,229428,Andes Origen Cerveza Negra en Lata,Andes Origen,1 X 473 mL,2303.4,True,Cervezas,False
207836,,2114084532,207836_2114084532,604026,Cerveza Stella Artois 0% 473 cc,Stella Artois 0,1 x 473 mL,2261.4,True,Cervezas,False
207836,,2114083629,207836_2114083629,57613,Cerveza Patagonia Vera Ipa 473 cc,Patagonia,1 X 473 mL,2624.5,True,Cervezas,False
207836,,2114629797,207836_2114629797,620352,Miller Genuine Draft Cerveza,Miller,1 X 330 mL,2796.08,True,Cervezas,False
207836,,2114318537,207836_2114318537,681636,Corona Cerveza Cero,Corona 0,1 X 330 mL,2122.45,True,Cervezas,False
207836,,2533049,207836_2533049,362210,Imperial Cerveza Ipa,Imperial,1 X 473 mL,3023.2,True,Cervezas,False
207836,,2114629634,207836_2114629634,43537,Miller Cerveza Rubia,Miller,1 X 600 mL,4217.85,True,Cervezas,False
207836,,2469547,207836_2469547,37640,Cerveza Budweiser 473 cc,Budweiser,1 X 473 mL,2059.85,True,Cervezas,False
207836,,2469564,207836_2469564,16264,Schneider Cerveza Rubia Lager,Schneider,1 X 473.0 mL,2625.65,True,Cervezas,False
207836,,2113858946,207836_2113858946,532010,Cerveza Budweiser 710 cc,Budweiser,1 X 710 mL,2976.35,True,Cervezas,False
207836,,2469353,207836_2469353,354811,Cerveza Patagonia 24.7 473 cc,Patagonia,1 X 473 mL,3257.4,True,Cervezas,False
207836,,1074392810,207836_1074392810,186129,Pampa Brewing Cerveza Honey Lata 473 ml,Pampa,1 X 473 mL,2557.65,True,Cervezas,False
207836,,2114084426,207836_2114084426,595866,Stella Artois Cerveza Premium Lager,Stella Artois,1 x 710 mL,3893.4,True,Cervezas,False
207836,,2115151512,207836_2115151512,53387,Estrella Damm Cerveza,Estrella Damm,1 X 500 mL,2719,True,Cervezas,False
207836,,1074392820,207836_1074392820,74252,Pampa Cerveza Dorada Lata 473 ml,Pampa,1 X 473.0 mL,2447.2,True,Cervezas,False
207836,,2114887563,207836_2114887563,830900,Cerveza Brahma 710 mL,Brahma,710 mL,3016.3,True,Cervezas,False
207836,,2114871768,207836_2114871768,916751,Cerveza Guinness Hop House,,473 mL,3175.2,True,Cervezas,False
207836,,2114318535,207836_2114318535,681638,Corona Cerveza,Corona,1 X 473 mL,3035.4,True,Cervezas,False
207836,,2114833020,207836_2114833020,871704,Heineken Cerveza Sin Alcohol,Heineken,1 x 473 mL,2967.2,True,Cervezas,False
207836,,2469589,207836_2469589,196655,Imperial Cerveza Extra Lager,Imperial,1 X 473 mL,2815.2,True,Cervezas,False
207836,,1074518352,207836_1074518352,673325,Antares Cerveza Ipa,Antares,1 x 473 mL,3156.3,True,Cervezas,False
207836,,2114708567,207836_2114708567,837368,Imperial Cerveza Golden,Imperial,1 x 330 cc,2757.3,True,Cervezas,False
207836,,2114434307,207836_2114434307,688392,Antares Cerveza Lager,Antares,1 x 473 mL,2687.3,True,Cervezas,False
207836,,2114481637,207836_2114481637,763756,Cerveza Patagonia Lager Del Sur 473 cc,Patagonia,1 X 473 mL,3419.4,True,Cervezas,False
207836,,2114869743,207836_2114869743,892720,Imperial Cerveza Sin Alcohol Golden,,1 x 473 cc,1682.85,True,Cervezas,False
207836,,2115002412,207836_2115002412,967817,Corona Cerveza 0.0,,473 mL,1984.95,True,Cervezas,False
207836,,2114967292,207836_2114967292,234919,Peroni Cerveza,Peroni,1 X 330 mL,3771.75,True,Cervezas,False
207836,,2533062,207836_2533062,156784,Imperial Cerveza Ligera Golden,Imperial,1 X 473 mL,2871.2,True,Cervezas,False
207836,,2114564915,207836_2114564915,128218,Starberg Cerveza Lager,Sol,1 X 500 mL,1934.25,True,Cervezas,False
207836,,1074392833,207836_1074392833,81936,Antares Kolsch Cerveza ,Antares,1 X 473 mL,3149.3,True,Cervezas,False
207836,,2115129133,207836_2115129133,998321,Ipa Cerveza Antares Especiales Sin Alcohol,,1 x 473 mL,4563.3,True,Cervezas,False
207836,,2114833047,207836_2114833047,41331,Santa Fe Cerveza Rubia,Blonde,1 X 473 mL,2959,True,Cervezas,False
207836,,2114970867,207836_2114970867,955344,Asahi Cerveza Dry,,1 x 330 cc,4304.25,True,Cervezas,False
207836,,2114481639,207836_2114481639,763757,Cerveza Patagonia Lager Del Sur 730 cc,Patagonia,1 X 730 mL,4541.4,True,Cervezas,False
207836,,2482831,207836_2482831,193507,Warsteiner Cerveza Rubia,Warsteiner,1 X 473 mL,3949,True,Cervezas,False
207836,,1074485096,207836_1074485096,170987,Salta Cautiva Cerveza Rubia,Salta,1 X 473 mL,3529,True,Cervezas,False
207836,,2114926558,207836_2114926558,953712,Cerveza Lager Estrella Del Sur Lata,,500 mL,1459,True,Cervezas,False
207836,,2469372,207836_2469372,428367,Heineken Cerveza Rubia,Heineken,1 X 473 mL,3631.2,False,Cervezas,False
207836,,1074485103,207836_1074485103,32074,Imperial Cerveza Lager Dorada Lata 710ml,Imperial,1 X 710 mL,3576.3,False,Cervezas,False
207836,,2482879,207836_2482879,606296,Amstel Cerveza Lager Pura Malta ,Amstel,1 X 473 mL,2487.2,False,Cervezas,False
207836,,2114238683,207836_2114238683,93612,Antares Cerveza Caravana Session Ipa,Antares,1 X 473 mL,3170.3,False,Cervezas,False
207836,,2114135345,207836_2114135345,616534,Cerveza Goose Island Lager 473 cc,Goose Island,1 x 473 mL,4039,False,Cervezas,False
207836,,1074739728,207836_1074739728,364118,Imperial Golden Lata 710ml,Imperial,1 X 710 mL,3555.3,False,Cervezas,False
207836,,2533055,207836_2533055,433532,Cerveza Temple Wolf Ipa 473 cc,Temple,1 X 473 mL,3437.4,False,Cervezas,False
207836,,2112096354,207836_2112096354,478065,Cerveza Corona 410 cc,Corona,1 X 410 mL,6369,False,Cervezas,False
207836,,2114013445,207836_2114013445,522389,Heineken Cerveza sin Alcohol,Heineken Cero,1 X 355 mL,2099,False,Cervezas,False
224352,,1074392807,224352_1074392807,2621,Rabieta Cerveza Red Honey,Rabieta,1 X 473 mL,3356.65,True,Cervezas,False
224352,,2539095,224352_2539095,188850,Corona Cerveza Rubia,Corona,1 X 710 mL,4647,True,Cervezas,False
224352,,2482872,224352_2482872,442634,Cerveza Andes Origen Ipa 473 cc,Andes Origen,1 X 473.0 mL,2333.4,True,Cervezas,False
224352,,2114120281,224352_2114120281,156789,Schneider Cerveza Lager,Schneider,1 X 710 mL,3239.25,True,Cervezas,False
224352,,2114951104,224352_2114951104,948216,Schneider Bebida Refrescante Remix Limón,Schneider,1 x 473 mL,3079,True,Cervezas,False
224352,,2469339,224352_2469339,262474,Cerveza Andes Origen Rubia 473 cc,Andes Origen,1 X 473 mL,2033.4,True,Cervezas,False
224352,,2111346548,224352_2111346548,85169,1890 Cerveza Rubia,1890,1 X 473 mL,2115.65,True,Cervezas,False
224352,,2482871,224352_2482871,162208,Corona Cerveza Tipo Lager 330 ml,Corona,1 X 330.0 mL,2975.4,True,Cervezas,False
224352,,1074483987,224352_1074483987,96872,Heineken Cerveza Rubia en Lata,Heineken,1 X 710.0 mL,5091.75,True,Cervezas,False
224352,,2482874,224352_2482874,43389,Heineken Cerveza Original,Heineken,1 X 330 mL,3674.25,True,Cervezas,False
224352,,2114629634,224352_2114629634,43537,Miller Cerveza Rubia,Miller,1 X 600 mL,4243.85,True,Cervezas,False
224352,,2482879,224352_2482879,606296,Amstel Cerveza Lager Pura Malta ,Amstel,1 X 473 mL,2479.2,True,Cervezas,False
224352,,2469371,224352_2469371,597816,Cerveza Miller,Miller,1 X 473.0 mL,2573.35,True,Cervezas,False
224352,,2114629803,224352_2114629803,629042,Stella Artois Cerveza,Stella Artois,1 x 330 mL,2633.4,True,Cervezas,False
224352,,2114318537,224352_2114318537,681636,Corona Cerveza Cero,Corona 0,1 X 330 mL,2111.45,True,Cervezas,False
224352,,2114629797,224352_2114629797,620352,Miller Genuine Draft Cerveza,Miller,1 X 330 mL,2861.45,True,Cervezas,False
224352,,1074392815,224352_1074392815,86175,Rabieta Cerveza Irish Red Ale,Rabieta,1 X 473 mL,3399.15,True,Cervezas,False
224352,,2111346558,224352_2111346558,288198,Cerveza Patagonia Ipa 730 cc,Patagonia,1 X 730 mL,4505.4,True,Cervezas,False
224352,,2114631084,224352_2114631084,753489,Blue Moon Cerveza Belgian White,Blue Moon,1 x 355 cc,4122.3,True,Cervezas,False
224352,,2469409,224352_2469409,442640,Cerveza Andes Origen Roja 473 cc,Andes Origen,1 X 473 mL,2285.4,True,Cervezas,False
224352,,2482851,224352_2482851,628296,Cerveza Patagonia Amber Lager 730 cc,Patagonia,1 X 730 mL,4535.4,True,Cervezas,False
224352,,2482839,224352_2482839,228999,Cerveza Patagonia Amber Lager 473 cc,Patagonia,1 X 473 mL,3209.4,True,Cervezas,False
224352,,1074392811,224352_1074392811,48040,Antares Cerveza Artesanal Honey,Antares,1 X 473 mL,3261.3,True,Cervezas,False
224352,,1074392805,224352_1074392805,16183,Kunstmann Torobayo Lata 470ml,Kunstmann,1 X 470 mL,5189,True,Cervezas,False
224352,,2112599376,224352_2112599376,186987,Rabieta Cerveza Helles Munich,Rabieta,1 X 473 mL,1559.6,True,Cervezas,False
224352,,2114263233,224352_2114263233,448096,Imperial Cerveza Roja Amber Lager Lata,Imperial,1 X 473 mL,2983.2,True,Cervezas,False
224352,,1074392822,224352_1074392822,57990,Antares Cerveza Scotch,Antares,1 X 473 mL,3233.3,True,Cervezas,False
224352,,2114630022,224352_2114630022,285422,Salta Cerveza Cautiva Roja,Salta,1 X 473 mL,3549,True,Cervezas,False
224352,,1074392831,224352_1074392831,14038,Pampa Brewing Amber Ale Lata 473ml,Pampa,1 X 473 mL,2608.65,True,Cervezas,False
224352,,2482873,224352_2482873,13942,Imperial Cerveza Negra Cream Stout en Lata,Imperial,1 X 473 mL,3779,True,Cervezas,False
224352,,2482853,224352_2482853,300550,Cerveza Quilmes Stout 473 cc,Quilmes,1 X 473 mL,2029.3,True,Cervezas,False
224352,,2469437,224352_2469437,359073,Cerveza Stella Artois Noire 473 cc,Stella Artois,1 X 473 mL,2609.4,True,Cervezas,False
224352,,2114869440,224352_2114869440,299182,Pampa Brewing Nitro Cream Stout 473ml,Pampa,1 X 473 mL,2846.65,True,Cervezas,False
224352,,2469564,224352_2469564,16264,Schneider Cerveza Rubia Lager,Schneider,1 X 473.0 mL,2591.65,True,Cervezas,False
224352,,2469547,224352_2469547,37640,Cerveza Budweiser 473 cc,Budweiser,1 X 473 mL,2059.85,True,Cervezas,False
224352,,2114084532,224352_2114084532,604026,Cerveza Stella Artois 0% 473 cc,Stella Artois 0,1 x 473 mL,2261.4,True,Cervezas,False
224352,,2114084425,224352_2114084425,612401,Michelob Cerveza Light Ultra,Michelob Ultra,1 X 473 mL,2176.85,True,Cervezas,False
224352,,2114083629,224352_2114083629,57613,Cerveza Patagonia Vera Ipa 473 cc,Patagonia,1 X 473 mL,2629.5,True,Cervezas,False
224352,,1074485103,224352_1074485103,32074,Imperial Cerveza Lager Dorada Lata 710ml,Imperial,1 X 710 mL,3590.3,True,Cervezas,False
224352,,2482833,224352_2482833,13982,Grolsch Cerveza Pilsner,Grolsch,1 X 473 mL,4469,True,Cervezas,False
224352,,2113858946,224352_2113858946,532010,Cerveza Budweiser 710 cc,Budweiser,1 X 710 mL,2976.35,True,Cervezas,False
224352,,2469353,224352_2469353,354811,Cerveza Patagonia 24.7 473 cc,Patagonia,1 X 473 mL,3251.4,True,Cervezas,False
224352,,1074392827,224352_1074392827,29240,Rabieta Cerveza American Ipa,Rabieta,1 X 473 mL,2219.5,True,Cervezas,False
224352,,1074392810,224352_1074392810,186129,Pampa Brewing Cerveza Honey Lata 473 ml,Pampa,1 X 473 mL,2566.15,True,Cervezas,False
224352,,2114084426,224352_2114084426,595866,Stella Artois Cerveza Premium Lager,Stella Artois,1 x 710 mL,3911.4,True,Cervezas,False
224352,,1074392820,224352_1074392820,74252,Pampa Cerveza Dorada Lata 473 ml,Pampa,1 X 473.0 mL,2431.2,True,Cervezas,False
224352,,2114887563,224352_2114887563,830900,Cerveza Brahma 710 mL,Brahma,710 mL,3016.3,True,Cervezas,False
224352,,2114318535,224352_2114318535,681638,Corona Cerveza,Corona,1 X 473 mL,3053.4,True,Cervezas,False
224352,,2114833020,224352_2114833020,871704,Heineken Cerveza Sin Alcohol,Heineken,1 x 473 mL,3047.2,True,Cervezas,False
224352,,2469589,224352_2469589,196655,Imperial Cerveza Extra Lager,Imperial,1 X 473 mL,2839.2,True,Cervezas,False
224352,,2115096846,224352_2115096846,993849,Estrella Galicia Cerveza sin Gluten Lata 330ml,Estrella Galicia,1 x 330 mL,3479,True,Cervezas,False
224352,,1074392823,224352_1074392823,90470,Pampa Brewing Cerveza IPA Lata 473 ml,Pampa,1 X 473 mL,2880.65,True,Cervezas,False
224352,,1074392829,224352_1074392829,94687,Rabieta Cerveza Golden Ale,Rabieta,1 X 473 mL,3215.2,True,Cervezas,False
224352,,1074518352,224352_1074518352,673325,Antares Cerveza Ipa,Antares,1 x 473 mL,3163.3,True,Cervezas,False
224352,,2114708567,224352_2114708567,837368,Imperial Cerveza Golden,Imperial,1 x 330 cc,2778.3,True,Cervezas,False
224352,,2114481637,224352_2114481637,763756,Cerveza Patagonia Lager Del Sur 473 cc,Patagonia,1 X 473 mL,3473.4,True,Cervezas,False
224352,,2114869743,224352_2114869743,892720,Imperial Cerveza Sin Alcohol Golden,,1 x 473 cc,1715.35,True,Cervezas,False
224352,,2115002412,224352_2115002412,967817,Corona Cerveza 0.0,,473 mL,1984.95,True,Cervezas,False
224352,,2533061,224352_2533061,156788,Imperial Apa Cerveza American Pale Ale Rubia,Imperial,1 X 473 mL,3849,True,Cervezas,False
224352,,2114967292,224352_2114967292,234919,Peroni Cerveza,Peroni,1 X 330 mL,3764.25,True,Cervezas,False
224352,,2114564915,224352_2114564915,128218,Starberg Cerveza Lager,Sol,1 X 500 mL,1934.25,True,Cervezas,False
224352,,1074392833,224352_1074392833,81936,Antares Kolsch Cerveza ,Antares,1 X 473 mL,3198.3,True,Cervezas,False
224352,,2115129133,224352_2115129133,998321,Ipa Cerveza Antares Especiales Sin Alcohol,,1 x 473 mL,4563.3,True,Cervezas,False
224352,,2114833047,224352_2114833047,41331,Santa Fe Cerveza Rubia,Blonde,1 X 473 mL,2959,True,Cervezas,False
224352,,2114970867,224352_2114970867,955344,Asahi Cerveza Dry,,1 x 330 cc,4304.25,True,Cervezas,False
224352,,2114629949,224352_2114629949,532515,Grolsch Cerveza Ipa,Grolsch,1 X 473 mL,3546.75,True,Cervezas,False
224352,,2482831,224352_2482831,193507,Warsteiner Cerveza Rubia,Warsteiner,1 X 473 mL,3949,True,Cervezas,False
224352,,1074485096,224352_1074485096,170987,Salta Cautiva Cerveza Rubia,Salta,1 X 473 mL,3529,True,Cervezas,False
224352,,1074739728,224352_1074739728,364118,Imperial Golden Lata 710ml,Imperial,1 X 710 mL,3555.3,True,Cervezas,False
224352,,1074392819,224352_1074392819,91592,Cerveza Kunstmann Session Ipa 470ml,Kunstmann,1 X 470 mL,4969,True,Cervezas,False
224352,,2115220400,224352_2115220400,533969,Heineken Cerveza 0.0 Lata 330ml,Heineken,1 X 330 mL,3539,True,Cervezas,False
224352,,2114926558,224352_2114926558,953712,Cerveza Lager Estrella Del Sur Lata,,500 mL,1459,True,Cervezas,False
224352,,2469372,224352_2469372,428367,Heineken Cerveza Rubia,Heineken,1 X 473 mL,3695.2,False,Cervezas,False
224352,,2114262372,224352_2114262372,581510,Amstel Cerveza Lager,Amstel,1 X 710.0 mL,3121.3,False,Cervezas,False
224352,,2533049,224352_2533049,362210,Imperial Cerveza Ipa,Imperial,1 X 473 mL,3087.2,False,Cervezas,False
224352,,2533062,224352_2533062,156784,Imperial Cerveza Ligera Golden,Imperial,1 X 473 mL,2847.2,False,Cervezas,False
224352,,2114238683,224352_2114238683,93612,Antares Cerveza Caravana Session Ipa,Antares,1 X 473 mL,3275.3,False,Cervezas,False
224352,,2114019305,224352_2114019305,626222,Blue Moon Belgian White Lata 473 ml,Blue Moon,1 x 473 mL,3709.3,False,Cervezas,False
224352,,2482864,224352_2482864,354820,Cerveza Patagonia Bohemian 473 cc,Patagonia,1 X 473 mL,4037.4,False,Cervezas,False
224352,,1074392806,224352_1074392806,271120,Sol Cerveza Rubia Original ,Sol,1 X 473 mL,2549,False,Cervezas,False
224352,,2533055,224352_2533055,433532,Cerveza Temple Wolf Ipa 473 cc,Temple,1 X 473 mL,3509.4,False,Cervezas,False
224352,,2114013445,224352_2114013445,522389,Heineken Cerveza sin Alcohol,Heineken Cero,1 X 355 mL,2369,False,Cervezas,False
224352,,2112096354,224352_2112096354,478065,Cerveza Corona 410 cc,Corona,1 X 410 mL,6369,False,Cervezas,False
224352,,2114632987,224352_2114632987,0,6 x Corona Porrón 330 mL,,,17852.4,True,Cervezas,False
224352,,2114633690,224352_2114633690,0,6 x Miller Rubia 330 mL,,,26413.38,True,Cervezas,False
224352,,2114633462,224352_2114633462,0,6 x Stella Artois Porrón 330 mL,,,15800.4,True,Cervezas,False
224352,,2114272833,224352_2114272833,0,6 x Andes Cerveza Rubia Origen Mendocina,,,12200.4,True,Cervezas,False
224352,,2114272827,224352_2114272827,0,6 x Andes Cerveza Ipa Origen Mendocina,,,14000.4,True,Cervezas,False
224352,,2114641631,224352_2114641631,0,6 x Heineken Rubia 710 mL,,,34623.9,True,Cervezas,False
224352,,2114272846,224352_2114272846,0,6 x Sixpack Michelob Ultra,,,13061.1,True,Cervezas,False
224352,,2114272853,224352_2114272853,0,6 x Sixpack Amstel Cerveza Lager,,,18594,True,Cervezas,False
224352,,2114641635,224352_2114641635,0,6 x Schneider Lager 710 mL,,,25914,True,Cervezas,False
224352,,2114656367,224352_2114656367,0,6 x Corona 473 mL,,,18320.4,True,Cervezas,False
224352,,2114272837,224352_2114272837,0,6 x Stella Artois Cerveza Rubia,,,15872.4,True,Cervezas,False
224352,,2114272839,224352_2114272839,0,6 x Quilmes 0.0% Cerveza Rubia,,,7619.7,True,Cervezas,False
224352,,2114272836,224352_2114272836,0,6 x Budweiser Cerveza Rubia,,,12359.1,True,Cervezas,False
224352,,2114649584,224352_2114649584,0,4 x Quilmes Clásica 710 mL,,,11141.2,True,Cervezas,False
224352,,2114272843,224352_2114272843,0,6 x Sixpack Patagonia Cerveza Session Ipa K24.7,,,19508.4,True,Cervezas,False
224352,,2114272845,224352_2114272845,0,6 x Stella Artois 0.0%,,,13568.4,True,Cervezas,False
224352,,2114272857,224352_2114272857,0,6 x Sixpack Miller Cerveza,,,23754,True,Cervezas,False
224352,,2114632983,224352_2114632983,0,4 x Andes Origen Rubia 710 mL,,,12285.6,True,Cervezas,False
224352,,2114272854,224352_2114272854,0,6 x Sixpack Grolsch Cerveza,,,26814,True,Cervezas,False
224352,,2114272835,224352_2114272835,0,6 x Brahma Cerveza,,,11696.1,True,Cervezas,False
224352,,2114272844,224352_2114272844,0,6 x Patagonia Vera Ipa,,,18932.4,True,Cervezas,False
224352,,2114641636,224352_2114641636,0,6 x Blue Moon Belgian White 355 mL,,,35334,True,Cervezas,False
224352,,2114632984,224352_2114632984,0,4 x Stella Artois Premium Lager 710 mL,,,15645.6,True,Cervezas,False
224352,,2114272830,224352_2114272830,0,6 x Andes Cerveza Roja Origen Mendocina,,,13712.4,True,Cervezas,False
224352,,2114632988,224352_2114632988,0,6 x Andes Origen Oro 473 mL,,,13244.4,True,Cervezas,False
224352,,2114633688,224352_2114633688,0,6 x Imperial APA 47 3mL,,,23094,True,Cervezas,False
224352,,2114641637,224352_2114641637,0,6 x Grolsch Ipa 473 mL,,,18443.1,True,Cervezas,False
224352,,2528354,224352_2528354,271499,Cerveza Quilmes 0% 473 cc,Quilmes 0,1 X 473 mL,1269.95,True,Cervezas,False
224352,,2115096847,224352_2115096847,993850,Estrella Galicia Cerveza 0.0 Tostada Lata 330ml,Estrella Galicia,1 x 330 mL,3899,True,Cervezas,False
228542,,2114871768,228542_2114871768,916751,Cerveza Guinness Hop House,,473 mL,3127.2,True,Cervezas,False
228542,,2469372,228542_2469372,428367,Heineken Cerveza Rubia,Heineken,1 X 473 mL,3647.2,True,Cervezas,False
228542,,2539095,228542_2539095,188850,Corona Cerveza Rubia,Corona,1 X 710 mL,4647,True,Cervezas,False
228542,,2482871,228542_2482871,162208,Corona Cerveza Tipo Lager 330 ml,Corona,1 X 330.0 mL,2975.4,True,Cervezas,False
228542,,2114318537,228542_2114318537,681636,Corona Cerveza Cero,Corona 0,1 X 330 mL,2111.45,True,Cervezas,False
228542,,1074483987,228542_1074483987,96872,Heineken Cerveza Rubia en Lata,Heineken,1 X 710.0 mL,5166.75,True,Cervezas,False
228542,,2482872,228542_2482872,442634,Cerveza Andes Origen Ipa 473 cc,Andes Origen,1 X 473.0 mL,2333.4,True,Cervezas,False
228542,,2469339,228542_2469339,262474,Cerveza Andes Origen Rubia 473 cc,Andes Origen,1 X 473 mL,2033.4,True,Cervezas,False
228542,,1074392815,228542_1074392815,86175,Rabieta Cerveza Irish Red Ale,Rabieta,1 X 473 mL,3407.65,True,Cervezas,False
228542,,2114629803,228542_2114629803,629042,Stella Artois Cerveza,Stella Artois,1 x 330 mL,2657.4,True,Cervezas,False
228542,,2114084425,228542_2114084425,612401,Michelob Cerveza Light Ultra,Michelob Ultra,1 X 473 mL,2163.85,True,Cervezas,False
228542,,2114120281,228542_2114120281,156789,Schneider Cerveza Lager,Schneider,1 X 710 mL,3239.25,True,Cervezas,False
228542,,2469420,228542_2469420,63327,Stella Artois Cerveza Rubia,Stella Artois,1 X 473 mL,2651.4,True,Cervezas,False
228542,,2114833020,228542_2114833020,871704,Heineken Cerveza Sin Alcohol,Heineken,1 x 473 mL,3039.2,True,Cervezas,False
228542,,2114629797,228542_2114629797,620352,Miller Genuine Draft Cerveza,Miller,1 X 330 mL,2850.82,True,Cervezas,False
228542,,2114262372,228542_2114262372,581510,Amstel Cerveza Lager,Amstel,1 X 710.0 mL,3128.3,True,Cervezas,False
228542,,2469589,228542_2469589,196655,Imperial Cerveza Extra Lager,Imperial,1 X 473 mL,2839.2,True,Cervezas,False
228542,,1074392807,228542_1074392807,2621,Rabieta Cerveza Red Honey,Rabieta,1 X 473 mL,3373.65,True,Cervezas,False
228542,,2469409,228542_2469409,442640,Cerveza Andes Origen Roja 473 cc,Andes Origen,1 X 473 mL,2856.75,True,Cervezas,False
228542,,2111346558,228542_2111346558,288198,Cerveza Patagonia Ipa 730 cc,Patagonia,1 X 730 mL,5639.25,True,Cervezas,False
228542,,2482851,228542_2482851,628296,Cerveza Patagonia Amber Lager 730 cc,Patagonia,1 X 730 mL,5676.75,True,Cervezas,False
228542,,2482839,228542_2482839,228999,Cerveza Patagonia Amber Lager 473 cc,Patagonia,1 X 473 mL,4026.75,True,Cervezas,False
228542,,2114263233,228542_2114263233,448096,Imperial Cerveza Roja Amber Lager Lata,Imperial,1 X 473 mL,2983.2,True,Cervezas,False
228542,,1074392831,228542_1074392831,14038,Pampa Brewing Amber Ale Lata 473ml,Pampa,1 X 473 mL,2608.65,True,Cervezas,False
228542,,1074804154,228542_1074804154,299187,Guinness Cerveza Extra Stout,Guinnes,1 X 473 mL,3662.65,True,Cervezas,False
228542,,1074392811,228542_1074392811,48040,Antares Cerveza Artesanal Honey,Antares,1 X 473 mL,3261.3,True,Cervezas,False
228542,,2114630022,228542_2114630022,285422,Salta Cerveza Cautiva Roja,Salta,1 X 473 mL,3559,True,Cervezas,False
228542,,1074392805,228542_1074392805,16183,Kunstmann Torobayo Lata 470ml,Kunstmann,1 X 470 mL,5189,True,Cervezas,False
228542,,2482853,228542_2482853,300550,Cerveza Quilmes Stout 473 cc,Quilmes,1 X 473 mL,2029.3,True,Cervezas,False
228542,,2482873,228542_2482873,13942,Imperial Cerveza Negra Cream Stout en Lata,Imperial,1 X 473 mL,3779,True,Cervezas,False
228542,,2469437,228542_2469437,359073,Cerveza Stella Artois Noire 473 cc,Stella Artois,1 X 473 mL,2609.4,True,Cervezas,False
228542,,2114869440,228542_2114869440,299182,Pampa Brewing Nitro Cream Stout 473ml,Pampa,1 X 473 mL,2812.65,True,Cervezas,False
228542,,2111346555,228542_2111346555,229428,Andes Origen Cerveza Negra en Lata,Andes Origen,1 X 473 mL,2273.4,True,Cervezas,False
228542,,2469389,228542_2469389,156749,Cerveza Quilmes Clásica 473 cc,Quilmes,1 X 473 mL,1793.35,True,Cervezas,False
228542,,2482833,228542_2482833,13982,Grolsch Cerveza Pilsner,Grolsch,1 X 473 mL,4489,True,Cervezas,False
228542,,2111346548,228542_2111346548,85169,1890 Cerveza Rubia,1890,1 X 473 mL,2115.65,True,Cervezas,False
228542,,2469353,228542_2469353,354811,Cerveza Patagonia 24.7 473 cc,Patagonia,1 X 473 mL,3263.4,True,Cervezas,False
228542,,2533049,228542_2533049,362210,Imperial Cerveza Ipa,Imperial,1 X 473 mL,3087.2,True,Cervezas,False
228542,,2469564,228542_2469564,16264,Schneider Cerveza Rubia Lager,Schneider,1 X 473.0 mL,2591.65,True,Cervezas,False
228542,,2469371,228542_2469371,597816,Cerveza Miller,Miller,1 X 473.0 mL,2573.35,True,Cervezas,False
228542,,2114629634,228542_2114629634,43537,Miller Cerveza Rubia,Miller,1 X 600 mL,4243.85,True,Cervezas,False
228542,,2528354,228542_2528354,271499,Cerveza Quilmes 0% 473 cc,Quilmes 0,1 X 473 mL,1269.95,True,Cervezas,False
228542,,1074392827,228542_1074392827,29240,Rabieta Cerveza American Ipa,Rabieta,1 X 473 mL,2154.5,True,Cervezas,False
228542,,1074485103,228542_1074485103,32074,Imperial Cerveza Lager Dorada Lata 710ml,Imperial,1 X 710 mL,3590.3,True,Cervezas,False
228542,,1074392810,228542_1074392810,186129,Pampa Brewing Cerveza Honey Lata 473 ml,Pampa,1 X 473 mL,2557.65,True,Cervezas,False
228542,,2114084426,228542_2114084426,595866,Stella Artois Cerveza Premium Lager,Stella Artois,1 x 710 mL,3911.4,True,Cervezas,False
228542,,1074392820,228542_1074392820,74252,Pampa Cerveza Dorada Lata 473 ml,Pampa,1 X 473.0 mL,2407.2,True,Cervezas,False
228542,,2114951104,228542_2114951104,948216,Schneider Bebida Refrescante Remix Limón,Schneider,1 x 473 mL,3079,True,Cervezas,False
228542,,2114631084,228542_2114631084,753489,Blue Moon Cerveza Belgian White,Blue Moon,1 x 355 cc,4122.3,True,Cervezas,False
228542,,2112599376,228542_2112599376,186987,Rabieta Cerveza Helles Munich,Rabieta,1 X 473 mL,1563.6,True,Cervezas,False
228542,,2114887563,228542_2114887563,830900,Cerveza Brahma 710 mL,Brahma,710 mL,3016.3,True,Cervezas,False
228542,,2114318535,228542_2114318535,681638,Corona Cerveza,Corona,1 X 473 mL,3053.4,True,Cervezas,False
228542,,2115096846,228542_2115096846,993849,Estrella Galicia Cerveza sin Gluten Lata 330ml,Estrella Galicia,1 x 330 mL,3409,True,Cervezas,False
228542,,1074392823,228542_1074392823,90470,Pampa Brewing Cerveza IPA Lata 473 ml,Pampa,1 X 473 mL,2812.65,True,Cervezas,False
228542,,1074392829,228542_1074392829,94687,Rabieta Cerveza Golden Ale,Rabieta,1 X 473 mL,3127.2,True,Cervezas,False
228542,,1074518352,228542_1074518352,673325,Antares Cerveza Ipa,Antares,1 x 473 mL,3163.3,True,Cervezas,False
228542,,2114708567,228542_2114708567,837368,Imperial Cerveza Golden,Imperial,1 x 330 cc,2771.3,True,Cervezas,False
228542,,2114434307,228542_2114434307,688392,Antares Cerveza Lager,Antares,1 x 473 mL,2694.3,True,Cervezas,False
228542,,2114481637,228542_2114481637,763756,Cerveza Patagonia Lager Del Sur 473 cc,Patagonia,1 X 473 mL,3473.4,True,Cervezas,False
228542,,2115002412,228542_2115002412,967817,Corona Cerveza 0.0,,473 mL,1984.95,True,Cervezas,False
228542,,2533061,228542_2533061,156788,Imperial Apa Cerveza American Pale Ale Rubia,Imperial,1 X 473 mL,3849,True,Cervezas,False
228542,,2114967292,228542_2114967292,234919,Peroni Cerveza,Peroni,1 X 330 mL,3801.75,True,Cervezas,False
228542,,2114564915,228542_2114564915,128218,Starberg Cerveza Lager,Sol,1 X 500 mL,2129.25,True,Cervezas,False
228542,,2115129133,228542_2115129133,998321,Ipa Cerveza Antares Especiales Sin Alcohol,,1 x 473 mL,4563.3,True,Cervezas,False
228542,,2114833047,228542_2114833047,41331,Santa Fe Cerveza Rubia,Blonde,1 X 473 mL,2959,True,Cervezas,False
228542,,2114629949,228542_2114629949,532515,Grolsch Cerveza Ipa,Grolsch,1 X 473 mL,3591.75,True,Cervezas,False
228542,,2114481639,228542_2114481639,763757,Cerveza Patagonia Lager Del Sur 730 cc,Patagonia,1 X 730 mL,4583.4,True,Cervezas,False
228542,,2482831,228542_2482831,193507,Warsteiner Cerveza Rubia,Warsteiner,1 X 473 mL,3969,True,Cervezas,False
228542,,1074485096,228542_1074485096,170987,Salta Cautiva Cerveza Rubia,Salta,1 X 473 mL,3549,True,Cervezas,False
228542,,2114019305,228542_2114019305,626222,Blue Moon Belgian White Lata 473 ml,Blue Moon,1 x 473 mL,3709.3,True,Cervezas,False
228542,,2114926558,228542_2114926558,953712,Cerveza Lager Estrella Del Sur Lata,,500 mL,1459,True,Cervezas,False
228542,,2112096354,228542_2112096354,478065,Cerveza Corona 410 cc,Corona,1 X 410 mL,6369,False,Cervezas,False
228542,,2115096847,228542_2115096847,993850,Estrella Galicia Cerveza 0.0 Tostada Lata 330ml,Estrella Galicia,1 x 330 mL,3409,True,Cervezas,False
231507,,2115220400,231507_2115220400,533969,Heineken Cerveza 0.0 Lata 330ml,Heineken,1 X 330 mL,3599,True,Cervezas,False
231507,,2114318537,231507_2114318537,681636,Corona Cerveza Cero,Corona 0,1 X 330 mL,2122.45,True,Cervezas,False
231507,,2114833020,231507_2114833020,871704,Heineken Cerveza Sin Alcohol,Heineken,1 x 473 mL,3047.2,True,Cervezas,False
231507,,2114869743,231507_2114869743,892720,Imperial Cerveza Sin Alcohol Golden,,1 x 473 cc,1669.85,True,Cervezas,False
231507,,2528354,231507_2528354,271499,Cerveza Quilmes 0% 473 cc,Quilmes 0,1 X 473 mL,1269.95,True,Cervezas,False
231507,,2115129133,231507_2115129133,998321,Ipa Cerveza Antares Especiales Sin Alcohol,,1 x 473 mL,4563.3,True,Cervezas,False
231507,,2115002412,231507_2115002412,967817,Corona Cerveza 0.0,,473 mL,1984.95,True,Cervezas,False
231507,,2114272839,231507_2114272839,0,6 x Quilmes 0.0% Cerveza Rubia,,,9697.8,True,Cervezas,False
231868,,1074392823,231868_1074392823,90470,Pampa Brewing Cerveza IPA Lata 473 ml,Pampa,1 X 473 mL,2812.65,True,Cervezas,False
231868,,2539095,231868_2539095,188850,Corona Cerveza Rubia,Corona,1 X 710 mL,4647,True,Cervezas,True
231868,,2114481637,231868_2114481637,763756,Cerveza Patagonia Lager Del Sur 473 cc,Patagonia,1 X 473 mL,3515.4,True,Cervezas,True
231868,,2469372,231868_2469372,428367,Heineken Cerveza Rubia,Heineken,1 X 473 mL,3727.2,True,Cervezas,False
231868,,2469353,231868_2469353,354811,Cerveza Patagonia 24.7 473 cc,Patagonia,1 X 473 mL,3389.4,True,Cervezas,False
231868,,2482871,231868_2482871,162208,Corona Cerveza Tipo Lager 330 ml,Corona,1 X 330.0 mL,3089.4,True,Cervezas,True
231868,,2114318537,231868_2114318537,681636,Corona Cerveza Cero,Corona 0,1 X 330 mL,2138.95,True,Cervezas,False
231868,,2482872,231868_2482872,442634,Cerveza Andes Origen Ipa 473 cc,Andes Origen,1 X 473.0 mL,2357.4,True,Cervezas,False
231868,,1074483987,231868_1074483987,96872,Heineken Cerveza Rubia en Lata,Heineken,1 X 710.0 mL,5166.75,True,Cervezas,False
231868,,2114629803,231868_2114629803,629042,Stella Artois Cerveza,Stella Artois,1 x 330 mL,2759.4,True,Cervezas,False
231868,,2114120281,231868_2114120281,156789,Schneider Cerveza Lager,Schneider,1 X 710 mL,3239.25,True,Cervezas,False
231868,,2114084425,231868_2114084425,612401,Michelob Cerveza Light Ultra,Michelob Ultra,1 X 473 mL,2228.85,True,Cervezas,False
231868,,2469420,231868_2469420,63327,Stella Artois Cerveza Rubia,Stella Artois,1 X 473 mL,2735.4,True,Cervezas,False
231868,,2469339,231868_2469339,262474,Cerveza Andes Origen Rubia 473 cc,Andes Origen,1 X 473 mL,2249.4,True,Cervezas,True
231868,,2114833020,231868_2114833020,871704,Heineken Cerveza Sin Alcohol,Heineken,1 x 473 mL,3039.2,True,Cervezas,False
231868,,2482833,231868_2482833,13982,Grolsch Cerveza Pilsner,Grolsch,1 X 473 mL,4489,True,Cervezas,False
231868,,2111346548,231868_2111346548,85169,1890 Cerveza Rubia,1890,1 X 473 mL,2115.65,True,Cervezas,False
231868,,2114084532,231868_2114084532,604026,Cerveza Stella Artois 0% 473 cc,Stella Artois 0,1 x 473 mL,2309.4,True,Cervezas,False
231868,,2111346558,231868_2111346558,288198,Cerveza Patagonia Ipa 730 cc,Patagonia,1 X 730 mL,4685.4,True,Cervezas,False
231868,,2469409,231868_2469409,442640,Cerveza Andes Origen Roja 473 cc,Andes Origen,1 X 473 mL,2351.4,True,Cervezas,False
231868,,2482839,231868_2482839,228999,Cerveza Patagonia Amber Lager 473 cc,Patagonia,1 X 473 mL,3347.4,True,Cervezas,False
231868,,2114630022,231868_2114630022,285422,Salta Cerveza Cautiva Roja,Salta,1 X 473 mL,3609,True,Cervezas,False
231868,,1074392815,231868_1074392815,86175,Rabieta Cerveza Irish Red Ale,Rabieta,1 X 473 mL,3322.65,True,Cervezas,False
231868,,1074392807,231868_1074392807,2621,Rabieta Cerveza Red Honey,Rabieta,1 X 473 mL,3322.65,True,Cervezas,False
231868,,1074392811,231868_1074392811,48040,Antares Cerveza Artesanal Honey,Antares,1 X 473 mL,3261.3,True,Cervezas,False
231868,,1074392831,231868_1074392831,14038,Pampa Brewing Amber Ale Lata 473ml,Pampa,1 X 473 mL,2557.65,True,Cervezas,False
231868,,2114263233,231868_2114263233,448096,Imperial Cerveza Roja Amber Lager Lata,Imperial,1 X 473 mL,2983.2,True,Cervezas,False
231868,,1074392805,231868_1074392805,16183,Kunstmann Torobayo Lata 470ml,Kunstmann,1 X 470 mL,5189,True,Cervezas,False
231868,,1074392822,231868_1074392822,57990,Antares Cerveza Scotch,Antares,1 X 473 mL,3233.3,True,Cervezas,False
231868,,2482851,231868_2482851,628296,Cerveza Patagonia Amber Lager 730 cc,Patagonia,1 X 730 mL,4751.4,True,Cervezas,False
231868,,1074804154,231868_1074804154,299187,Guinness Cerveza Extra Stout,Guinnes,1 X 473 mL,3900.65,True,Cervezas,False
231868,,2482853,231868_2482853,300550,Cerveza Quilmes Stout 473 cc,Quilmes,1 X 473 mL,2367.2,True,Cervezas,False
231868,,2115196774,231868_2115196774,1009167,Stella Artois Cerveza Pure Gold,Stella Artois,1 x 473 mL,3531.75,True,Cervezas,False
231868,,2482873,231868_2482873,13942,Imperial Cerveza Negra Cream Stout en Lata,Imperial,1 X 473 mL,3799,True,Cervezas,False
231868,,2469437,231868_2469437,359073,Cerveza Stella Artois Noire 473 cc,Stella Artois,1 X 473 mL,3396.75,True,Cervezas,False
231868,,2111346555,231868_2111346555,229428,Andes Origen Cerveza Negra en Lata,Andes Origen,1 X 473 mL,2946.75,True,Cervezas,False
231868,,2482874,231868_2482874,43389,Heineken Cerveza Original,Heineken,1 X 330 mL,3681.75,True,Cervezas,False
231868,,2114083629,231868_2114083629,57613,Cerveza Patagonia Vera Ipa 473 cc,Patagonia,1 X 473 mL,2734.5,True,Cervezas,False
231868,,2114951104,231868_2114951104,948216,Schneider Bebida Refrescante Remix Limón,Schneider,1 x 473 mL,3079,True,Cervezas,False
231868,,2114084426,231868_2114084426,595866,Stella Artois Cerveza Premium Lager,Stella Artois,1 x 710 mL,4067.4,True,Cervezas,False
231868,,2469547,231868_2469547,37640,Cerveza Budweiser 473 cc,Budweiser,1 X 473 mL,2118.35,True,Cervezas,False
231868,,2482879,231868_2482879,606296,Amstel Cerveza Lager Pura Malta ,Amstel,1 X 473 mL,2479.2,True,Cervezas,False
231868,,2114262372,231868_2114262372,581510,Amstel Cerveza Lager,Amstel,1 X 710.0 mL,3128.3,True,Cervezas,False
231868,,2114629797,231868_2114629797,620352,Miller Genuine Draft Cerveza,Miller,1 X 330 mL,2850.82,True,Cervezas,False
231868,,2114318535,231868_2114318535,681638,Corona Cerveza,Corona,1 X 473 mL,3179.4,True,Cervezas,False
231868,,2114629634,231868_2114629634,43537,Miller Cerveza Rubia,Miller,1 X 600 mL,4243.85,True,Cervezas,False
231868,,1074392827,231868_1074392827,29240,Rabieta Cerveza American Ipa,Rabieta,1 X 473 mL,2154.5,True,Cervezas,False
231868,,1074485103,231868_1074485103,32074,Imperial Cerveza Lager Dorada Lata 710ml,Imperial,1 X 710 mL,3590.3,True,Cervezas,False
231868,,1074392810,231868_1074392810,186129,Pampa Brewing Cerveza Honey Lata 473 ml,Pampa,1 X 473 mL,2557.65,True,Cervezas,False
231868,,2469371,231868_2469371,597816,Cerveza Miller,Miller,1 X 473.0 mL,2579.85,True,Cervezas,False
231868,,1074392820,231868_1074392820,74252,Pampa Cerveza Dorada Lata 473 ml,Pampa,1 X 473.0 mL,2407.2,True,Cervezas,False
231868,,2469564,231868_2469564,16264,Schneider Cerveza Rubia Lager,Schneider,1 X 473.0 mL,2591.65,True,Cervezas,False
231868,,2112599376,231868_2112599376,186987,Rabieta Cerveza Helles Munich,Rabieta,1 X 473 mL,1563.6,True,Cervezas,False
231868,,2114887563,231868_2114887563,830900,Cerveza Brahma 710 mL,Brahma,710 mL,3191.3,True,Cervezas,False
231868,,2114871768,231868_2114871768,916751,Cerveza Guinness Hop House,,473 mL,3127.2,True,Cervezas,False
231868,,2469589,231868_2469589,196655,Imperial Cerveza Extra Lager,Imperial,1 X 473 mL,2839.2,True,Cervezas,False
231868,,2115096846,231868_2115096846,993849,Estrella Galicia Cerveza sin Gluten Lata 330ml,Estrella Galicia,1 x 330 mL,3409,True,Cervezas,False
231868,,1074392829,231868_1074392829,94687,Rabieta Cerveza Golden Ale,Rabieta,1 X 473 mL,3127.2,True,Cervezas,False
231868,,1074518352,231868_1074518352,673325,Antares Cerveza Ipa,Antares,1 x 473 mL,3163.3,True,Cervezas,False
231868,,2114708567,231868_2114708567,837368,Imperial Cerveza Golden,Imperial,1 x 330 cc,2771.3,True,Cervezas,False
231868,,2114869743,231868_2114869743,892720,Imperial Cerveza Sin Alcohol Golden,,1 x 473 cc,1715.35,True,Cervezas,False
231868,,2115002412,231868_2115002412,967817,Corona Cerveza 0.0,,473 mL,1984.95,True,Cervezas,False
231868,,2533049,231868_2533049,362210,Imperial Cerveza Ipa,Imperial,1 X 473 mL,3047.2,True,Cervezas,False
231868,,2533061,231868_2533061,156788,Imperial Apa Cerveza American Pale Ale Rubia,Imperial,1 X 473 mL,3849,True,Cervezas,False
231868,,2114967292,231868_2114967292,234919,Peroni Cerveza,Peroni,1 X 330 mL,3779.25,True,Cervezas,False
231868,,2114564915,231868_2114564915,128218,Starberg Cerveza Lager,Sol,1 X 500 mL,2211.75,True,Cervezas,False
231868,,1074392833,231868_1074392833,81936,Antares Kolsch Cerveza ,Antares,1 X 473 mL,3212.3,True,Cervezas,False
231868,,2114263234,231868_2114263234,354442,Miller Cerveza Genuine Draft en Lata,Miller,1 X 710 mL,3814.85,True,Cervezas,False
231868,,2115129133,231868_2115129133,998321,Ipa Cerveza Antares Especiales Sin Alcohol,,1 x 473 mL,4745.3,True,Cervezas,False
231868,,2114833047,231868_2114833047,41331,Santa Fe Cerveza Rubia,Blonde,1 X 473 mL,2959,True,Cervezas,False
231868,,2114970867,231868_2114970867,955344,Asahi Cerveza Dry,,1 x 330 cc,4559.25,True,Cervezas,False
231868,,2114629949,231868_2114629949,532515,Grolsch Cerveza Ipa,Grolsch,1 X 473 mL,3591.75,True,Cervezas,False
231868,,2114481639,231868_2114481639,763757,Cerveza Patagonia Lager Del Sur 730 cc,Patagonia,1 X 730 mL,4769.4,True,Cervezas,True
231868,,2482831,231868_2482831,193507,Warsteiner Cerveza Rubia,Warsteiner,1 X 473 mL,3969,True,Cervezas,False
231868,,1074485096,231868_1074485096,170987,Salta Cautiva Cerveza Rubia,Salta,1 X 473 mL,3559,True,Cervezas,False
231868,,2114019305,231868_2114019305,626222,Blue Moon Belgian White Lata 473 ml,Blue Moon,1 x 473 mL,3709.3,True,Cervezas,False
231868,,1074739728,231868_1074739728,364118,Imperial Golden Lata 710ml,Imperial,1 X 710 mL,3569.3,True,Cervezas,False
231868,,2114566586,231868_2114566586,720312,Konig Cerveza Lata,Pilsener Konign,1 x 500 mL,5129,True,Cervezas,False
231868,,2114566589,231868_2114566589,5443,Konig Pilsener Cerveza Alemana,Pilsener Konign,1 X 330 mL,5299,True,Cervezas,False
231868,,2114926558,231868_2114926558,953712,Cerveza Lager Estrella Del Sur Lata,,500 mL,1459,True,Cervezas,False
231868,,2115220400,231868_2115220400,533969,Heineken Cerveza 0.0 Lata 330ml,Heineken,1 X 330 mL,3739,True,Cervezas,False
231868,,1074392819,231868_1074392819,91592,Cerveza Kunstmann Session Ipa 470ml,Kunstmann,1 X 470 mL,5019,True,Cervezas,False
231868,,2533062,231868_2533062,156784,Imperial Cerveza Ligera Golden,Imperial,1 X 473 mL,2863.2,False,Cervezas,False
231868,,2112989953,231868_2112989953,484755,Cerveza Stella Artois Blanche 473 cc,Stella Artois,1 X 473 mL,4169,False,Cervezas,False
231868,,1074392806,231868_1074392806,271120,Sol Cerveza Rubia Original ,Sol,1 X 473 mL,2549,False,Cervezas,False
231868,,2482864,231868_2482864,354820,Cerveza Patagonia Bohemian 473 cc,Patagonia,1 X 473 mL,4079.4,False,Cervezas,False
231868,,2533055,231868_2533055,433532,Cerveza Temple Wolf Ipa 473 cc,Temple,1 X 473 mL,3551.4,False,Cervezas,False
231868,,2114013445,231868_2114013445,522389,Heineken Cerveza sin Alcohol,Heineken Cero,1 X 355 mL,2369,False,Cervezas,False
231868,,2112096354,231868_2112096354,478065,Cerveza Corona 410 cc,Corona,1 X 410 mL,6439,False,Cervezas,False
231868,,2114632987,231868_2114632987,0,6 x Corona Porrón 330 mL,,,18536.4,True,Cervezas,False
231868,,2114272855,231868_2114272855,0,6 x Sixpack Heineken Cerveza,,,27954,True,Cervezas,False
231868,,2114633462,231868_2114633462,0,6 x Stella Artois Porrón 330 mL,,,16556.4,True,Cervezas,False
231868,,2114272833,231868_2114272833,0,6 x Andes Cerveza Rubia Origen Mendocina,,,13496.4,True,Cervezas,False
231868,,2114272827,231868_2114272827,0,6 x Andes Cerveza Ipa Origen Mendocina,,,14144.4,True,Cervezas,False
231868,,2114272846,231868_2114272846,0,6 x Sixpack Michelob Ultra,,,13373.1,True,Cervezas,False
231868,,2114272837,231868_2114272837,0,6 x Stella Artois Cerveza Rubia,,,16412.4,True,Cervezas,False
231868,,2114633690,231868_2114633690,0,6 x Miller Rubia 330 mL,,,26315.28,True,Cervezas,False
231868,,2114641631,231868_2114641631,0,6 x Heineken Rubia 710 mL,,,35133.9,True,Cervezas,False
231868,,2114272839,231868_2114272839,0,6 x Quilmes 0.0% Cerveza Rubia,,,7850.7,True,Cervezas,False
231868,,2114272836,231868_2114272836,0,6 x Budweiser Cerveza Rubia,,,12710.1,True,Cervezas,False
231868,,2114656367,231868_2114656367,0,6 x Corona 473 mL,,,19076.4,True,Cervezas,False
231868,,2114272844,231868_2114272844,0,6 x Patagonia Vera Ipa,,,19688.4,True,Cervezas,False
231868,,2114272854,231868_2114272854,0,6 x Sixpack Grolsch Cerveza,,,26934,True,Cervezas,False
231868,,2114272847,231868_2114272847,0,6 x Quilmes Cerveza Clásica,,,11111.1,True,Cervezas,False
231868,,2114272845,231868_2114272845,0,6 x Stella Artois 0.0%,,,13856.4,True,Cervezas,False
231868,,2114272858,231868_2114272858,0,6 x Sixpack Schneider Cerveza Rubia,,,18294,True,Cervezas,False
231868,,2114272853,231868_2114272853,0,6 x Sixpack Amstel Cerveza Lager,,,18594,True,Cervezas,False
231868,,2114272830,231868_2114272830,0,6 x Andes Cerveza Roja Origen Mendocina,,,14108.4,True,Cervezas,False
231868,,2114272843,231868_2114272843,0,6 x Sixpack Patagonia Cerveza Session Ipa K24.7,,,20336.4,True,Cervezas,False
231868,,2114272857,231868_2114272857,0,6 x Sixpack Miller Cerveza,,,23814,True,Cervezas,False
231868,,2114641635,231868_2114641635,0,6 x Schneider Lager 710 mL,,,25914,True,Cervezas,False
231868,,2114272835,231868_2114272835,0,6 x Brahma Cerveza,,,12047.1,True,Cervezas,False
231868,,2114632984,231868_2114632984,0,4 x Stella Artois Premium Lager 710 mL,,,16269.6,True,Cervezas,False
231868,,2114272862,231868_2114272862,0,6 x Sixpack Imperial Cerveza Stout,,,22794,True,Cervezas,False
231868,,2114632988,231868_2114632988,0,6 x Andes Origen Oro 473 mL,,,13388.4,True,Cervezas,False
231868,,2115299986,231868_2115299986,1049258,Stones Cerveza Lemon,,1 x 473 mL,1,True,Cervezas,False
231868,,2115299987,231868_2115299987,1049259,Stones Cerveza Maracuyá,,1 x 473 mL,1,True,Cervezas,False
231868,,2528354,231868_2528354,271499,Cerveza Quilmes 0% 473 cc,Quilmes 0,1 X 473 mL,1308.45,True,Cervezas,False
231868,,2115096847,231868_2115096847,993850,Estrella Galicia Cerveza 0.0 Tostada Lata 330ml,Estrella Galicia,1 x 330 mL,3409,True,Cervezas,False
231869,,2469372,231869_2469372,428367,Heineken Cerveza Rubia,Heineken,1 X 473 mL,3647.2,True,Cervezas,True
231869,,2539095,231869_2539095,188850,Corona Cerveza Rubia,Corona,1 X 710 mL,4647,True,Cervezas,True
231869,,2114084426,231869_2114084426,595866,Stella Artois Cerveza Premium Lager,Stella Artois,1 x 710 mL,3911.4,True,Cervezas,False
231869,,2482871,231869_2482871,162208,Corona Cerveza Tipo Lager 330 ml,Corona,1 X 330.0 mL,2975.4,True,Cervezas,True
231869,,2114084425,231869_2114084425,612401,Michelob Cerveza Light Ultra,Michelob Ultra,1 X 473 mL,2163.85,True,Cervezas,False
231869,,2114318537,231869_2114318537,681636,Corona Cerveza Cero,Corona 0,1 X 330 mL,2111.45,True,Cervezas,True
231869,,2482872,231869_2482872,442634,Cerveza Andes Origen Ipa 473 cc,Andes Origen,1 X 473.0 mL,2333.4,True,Cervezas,True
231869,,2482874,231869_2482874,43389,Heineken Cerveza Original,Heineken,1 X 330 mL,3674.25,True,Cervezas,False
231869,,2469420,231869_2469420,63327,Stella Artois Cerveza Rubia,Stella Artois,1 X 473 mL,2651.4,True,Cervezas,True
231869,,2469339,231869_2469339,262474,Cerveza Andes Origen Rubia 473 cc,Andes Origen,1 X 473 mL,2033.4,True,Cervezas,True
231869,,2111346548,231869_2111346548,85169,1890 Cerveza Rubia,1890,1 X 473 mL,2115.65,True,Cervezas,False
231869,,2469371,231869_2469371,597816,Cerveza Miller,Miller,1 X 473.0 mL,2573.35,True,Cervezas,False
231869,,2114629803,231869_2114629803,629042,Stella Artois Cerveza,Stella Artois,1 x 330 mL,2657.4,True,Cervezas,False
231869,,2114318535,231869_2114318535,681638,Corona Cerveza,Corona,1 X 473 mL,3053.4,True,Cervezas,False
231869,,2114833020,231869_2114833020,871704,Heineken Cerveza Sin Alcohol,Heineken,1 x 473 mL,3071.2,True,Cervezas,False
231869,,2533062,231869_2533062,156784,Imperial Cerveza Ligera Golden,Imperial,1 X 473 mL,2863.2,True,Cervezas,False
231869,,2469409,231869_2469409,442640,Cerveza Andes Origen Roja 473 cc,Andes Origen,1 X 473 mL,2856.75,True,Cervezas,False
231869,,2111346558,231869_2111346558,288198,Cerveza Patagonia Ipa 730 cc,Patagonia,1 X 730 mL,5639.25,True,Cervezas,False
231869,,2482851,231869_2482851,628296,Cerveza Patagonia Amber Lager 730 cc,Patagonia,1 X 730 mL,5676.75,True,Cervezas,False
231869,,2115034643,231869_2115034643,981051,Michelob Ultra Cerveza,Michelob Ultra,1 x 275 mL,2551.2,True,Cervezas,False
231869,,2482839,231869_2482839,228999,Cerveza Patagonia Amber Lager 473 cc,Patagonia,1 X 473 mL,4026.75,True,Cervezas,False
231869,,1074392811,231869_1074392811,48040,Antares Cerveza Artesanal Honey,Antares,1 X 473 mL,3261.3,True,Cervezas,False
231869,,2114263233,231869_2114263233,448096,Imperial Cerveza Roja Amber Lager Lata,Imperial,1 X 473 mL,2983.2,True,Cervezas,False
231869,,2114630022,231869_2114630022,285422,Salta Cerveza Cautiva Roja,Salta,1 X 473 mL,3549,True,Cervezas,False
231869,,1074392805,231869_1074392805,16183,Kunstmann Torobayo Lata 470ml,Kunstmann,1 X 470 mL,5189,True,Cervezas,False
231869,,1074392822,231869_1074392822,57990,Antares Cerveza Scotch,Antares,1 X 473 mL,3233.3,True,Cervezas,False
231869,,1074392831,231869_1074392831,14038,Pampa Brewing Amber Ale Lata 473ml,Pampa,1 X 473 mL,2608.65,True,Cervezas,False
231869,,1074392807,231869_1074392807,2621,Rabieta Cerveza Red Honey,Rabieta,1 X 473 mL,3373.65,True,Cervezas,False
231869,,1074392815,231869_1074392815,86175,Rabieta Cerveza Irish Red Ale,Rabieta,1 X 473 mL,3407.65,True,Cervezas,False
231869,,1074804154,231869_1074804154,299187,Guinness Cerveza Extra Stout,Guinnes,1 X 473 mL,3832.65,True,Cervezas,False
231869,,2469437,231869_2469437,359073,Cerveza Stella Artois Noire 473 cc,Stella Artois,1 X 473 mL,3261.75,True,Cervezas,False
231869,,2482853,231869_2482853,300550,Cerveza Quilmes Stout 473 cc,Quilmes,1 X 473 mL,2319.2,True,Cervezas,False
231869,,2482873,231869_2482873,13942,Imperial Cerveza Negra Cream Stout en Lata,Imperial,1 X 473 mL,3779,True,Cervezas,False
231869,,2111346555,231869_2111346555,229428,Andes Origen Cerveza Negra en Lata,Andes Origen,1 X 473 mL,2834.25,True,Cervezas,False
231869,,2114869440,231869_2114869440,299182,Pampa Brewing Nitro Cream Stout 473ml,Pampa,1 X 473 mL,2846.65,True,Cervezas,False
231869,,1074483987,231869_1074483987,96872,Heineken Cerveza Rubia en Lata,Heineken,1 X 710.0 mL,5181.75,True,Cervezas,False
231869,,2114263234,231869_2114263234,354442,Miller Cerveza Genuine Draft en Lata,Miller,1 X 710 mL,3814.85,True,Cervezas,False
231869,,2482879,231869_2482879,606296,Amstel Cerveza Lager Pura Malta ,Amstel,1 X 473 mL,2479.2,True,Cervezas,False
231869,,2114629797,231869_2114629797,620352,Miller Genuine Draft Cerveza,Miller,1 X 330 mL,2850.82,True,Cervezas,False
231869,,2114084532,231869_2114084532,604026,Cerveza Stella Artois 0% 473 cc,Stella Artois 0,1 x 473 mL,2261.4,True,Cervezas,False
231869,,2114262372,231869_2114262372,581510,Amstel Cerveza Lager,Amstel,1 X 710.0 mL,3128.3,True,Cervezas,False
231869,,2469353,231869_2469353,354811,Cerveza Patagonia 24.7 473 cc,Patagonia,1 X 473 mL,3263.4,True,Cervezas,False
231869,,2114951104,231869_2114951104,948216,Schneider Bebida Refrescante Remix Limón,Schneider,1 x 473 mL,3079,True,Cervezas,False
231869,,2469589,231869_2469589,196655,Imperial Cerveza Extra Lager,Imperial,1 X 473 mL,2839.2,True,Cervezas,False
231869,,1074392827,231869_1074392827,29240,Rabieta Cerveza American Ipa,Rabieta,1 X 473 mL,2154.5,True,Cervezas,False
231869,,1074485103,231869_1074485103,32074,Imperial Cerveza Lager Dorada Lata 710ml,Imperial,1 X 710 mL,3590.3,True,Cervezas,False
231869,,1074392810,231869_1074392810,186129,Pampa Brewing Cerveza Honey Lata 473 ml,Pampa,1 X 473 mL,2557.65,True,Cervezas,False
231869,,1074392820,231869_1074392820,74252,Pampa Cerveza Dorada Lata 473 ml,Pampa,1 X 473.0 mL,2407.2,True,Cervezas,False
231869,,2112599376,231869_2112599376,186987,Rabieta Cerveza Helles Munich,Rabieta,1 X 473 mL,1563.6,True,Cervezas,False
231869,,2114887563,231869_2114887563,830900,Cerveza Brahma 710 mL,Brahma,710 mL,3016.3,True,Cervezas,False
231869,,2114871768,231869_2114871768,916751,Cerveza Guinness Hop House,,473 mL,3127.2,True,Cervezas,False
231869,,2115096846,231869_2115096846,993849,Estrella Galicia Cerveza sin Gluten Lata 330ml,Estrella Galicia,1 x 330 mL,3409,True,Cervezas,False
231869,,1074392829,231869_1074392829,94687,Rabieta Cerveza Golden Ale,Rabieta,1 X 473 mL,3127.2,True,Cervezas,False
231869,,1074518352,231869_1074518352,673325,Antares Cerveza Ipa,Antares,1 x 473 mL,3163.3,True,Cervezas,False
231869,,2114708567,231869_2114708567,837368,Imperial Cerveza Golden,Imperial,1 x 330 cc,2778.3,True,Cervezas,False
231869,,2114434307,231869_2114434307,688392,Antares Cerveza Lager,Antares,1 x 473 mL,2694.3,True,Cervezas,False
231869,,2114481637,231869_2114481637,763756,Cerveza Patagonia Lager Del Sur 473 cc,Patagonia,1 X 473 mL,3473.4,True,Cervezas,False
231869,,2115002412,231869_2115002412,967817,Corona Cerveza 0.0,,473 mL,1984.95,True,Cervezas,False
231869,,2533049,231869_2533049,362210,Imperial Cerveza Ipa,Imperial,1 X 473 mL,3087.2,True,Cervezas,False
231869,,2533061,231869_2533061,156788,Imperial Apa Cerveza American Pale Ale Rubia,Imperial,1 X 473 mL,3849,True,Cervezas,False
231869,,2114967292,231869_2114967292,234919,Peroni Cerveza,Peroni,1 X 330 mL,3794.25,True,Cervezas,False
231869,,2114564915,231869_2114564915,128218,Starberg Cerveza Lager,Sol,1 X 500 mL,1994.25,True,Cervezas,False
231869,,2115129133,231869_2115129133,998321,Ipa Cerveza Antares Especiales Sin Alcohol,,1 x 473 mL,4563.3,True,Cervezas,False
231869,,2114833047,231869_2114833047,41331,Santa Fe Cerveza Rubia,Blonde,1 X 473 mL,2959,True,Cervezas,False
231869,,2114970867,231869_2114970867,955344,Asahi Cerveza Dry,,1 x 330 cc,4386.75,True,Cervezas,False
231869,,2114629949,231869_2114629949,532515,Grolsch Cerveza Ipa,Grolsch,1 X 473 mL,3591.75,True,Cervezas,False
231869,,2114481639,231869_2114481639,763757,Cerveza Patagonia Lager Del Sur 730 cc,Patagonia,1 X 730 mL,4589.4,True,Cervezas,False
231869,,2482831,231869_2482831,193507,Warsteiner Cerveza Rubia,Warsteiner,1 X 473 mL,3969,True,Cervezas,False
231869,,1074485096,231869_1074485096,170987,Salta Cautiva Cerveza Rubia,Salta,1 X 473 mL,3549,True,Cervezas,False
231869,,2114019305,231869_2114019305,626222,Blue Moon Belgian White Lata 473 ml,Blue Moon,1 x 473 mL,3709.3,True,Cervezas,False
231869,,1074739728,231869_1074739728,364118,Imperial Golden Lata 710ml,Imperial,1 X 710 mL,3569.3,True,Cervezas,False
231869,,1074392819,231869_1074392819,91592,Cerveza Kunstmann Session Ipa 470ml,Kunstmann,1 X 470 mL,4969,True,Cervezas,False
231869,,2114926558,231869_2114926558,953712,Cerveza Lager Estrella Del Sur Lata,,500 mL,1459,True,Cervezas,False
231869,,2115220400,231869_2115220400,533969,Heineken Cerveza 0.0 Lata 330ml,Heineken,1 X 330 mL,3599,True,Cervezas,False
231869,,2114013447,231869_2114013447,448103,Cerveza 27 Eazy 473 cc,Quilmes,1 X 473 mL,4059,False,Cervezas,False
231869,,2482833,231869_2482833,13982,Grolsch Cerveza Pilsner,Grolsch,1 X 473 mL,4489,False,Cervezas,False
231869,,2482864,231869_2482864,354820,Cerveza Patagonia Bohemian 473 cc,Patagonia,1 X 473 mL,4037.4,False,Cervezas,False
231869,,2533055,231869_2533055,433532,Cerveza Temple Wolf Ipa 473 cc,Temple,1 X 473 mL,3509.4,False,Cervezas,False
231869,,2112096354,231869_2112096354,478065,Cerveza Corona 410 cc,Corona,1 X 410 mL,6369,False,Cervezas,False
231869,,2114013445,231869_2114013445,522389,Heineken Cerveza sin Alcohol,Heineken Cero,1 X 355 mL,2369,False,Cervezas,False
231869,,2114272855,231869_2114272855,0,6 x Sixpack Heineken Cerveza,,,27354,True,Cervezas,False
231869,,2114272833,231869_2114272833,0,6 x Andes Cerveza Rubia Origen Mendocina,,,12200.4,True,Cervezas,False
231869,,2114272837,231869_2114272837,0,6 x Stella Artois Cerveza Rubia,,,15908.4,True,Cervezas,False
231869,,2114272846,231869_2114272846,0,6 x Sixpack Michelob Ultra,,,12983.1,True,Cervezas,False
231869,,2114272845,231869_2114272845,0,6 x Stella Artois 0.0%,,,13568.4,True,Cervezas,False
231869,,2114272839,231869_2114272839,0,6 x Quilmes 0.0% Cerveza Rubia,,,7619.7,True,Cervezas,False
231869,,2114272853,231869_2114272853,0,6 x Sixpack Amstel Cerveza Lager,,,18594,True,Cervezas,False
231869,,2114272827,231869_2114272827,0,6 x Andes Cerveza Ipa Origen Mendocina,,,14000.4,True,Cervezas,False
231869,,2114272836,231869_2114272836,0,6 x Budweiser Cerveza Rubia,,,12359.1,True,Cervezas,False
231869,,2114272847,231869_2114272847,0,6 x Quilmes Cerveza Clásica,,,10760.1,True,Cervezas,False
231869,,2114272857,231869_2114272857,0,6 x Sixpack Miller Cerveza,,,23754,True,Cervezas,False
231869,,2114272830,231869_2114272830,0,6 x Andes Cerveza Roja Origen Mendocina,,,13712.4,True,Cervezas,False
231869,,2114272842,231869_2114272842,0,6 x Patagonia Cerveza Amber Lager,,,19328.4,True,Cervezas,False
231869,,2114272844,231869_2114272844,0,6 x Patagonia Vera Ipa,,,18932.4,True,Cervezas,False
231869,,2114272835,231869_2114272835,0,6 x Brahma Cerveza,,,11696.1,True,Cervezas,False
231869,,2114272843,231869_2114272843,0,6 x Sixpack Patagonia Cerveza Session Ipa K24.7,,,19580.4,True,Cervezas,False
231869,,2114272852,231869_2114272852,0,6 x Sixpack Imperial Cerveza Lager Rubia,,,21294,True,Cervezas,False
231869,,2114272864,231869_2114272864,0,6 x Sixpack Warsteiner Cerveza,,,23814,True,Cervezas,False
231869,,2114272856,231869_2114272856,0,6 x Sixpack Imperial Cerveza Golden,,,21474,True,Cervezas,False
231869,,2114272851,231869_2114272851,0,6 x Sixpack Imperial Cerveza Ipa,,,23154,True,Cervezas,False
231869,,2114272829,231869_2114272829,0,6 x Quilmes Cerveza Stout,,,12175.8,True,Cervezas,False
231869,,2114272828,231869_2114272828,0,6 x Quilmes Ipa,,,16974,True,Cervezas,False
231869,,2114272862,231869_2114272862,0,6 x Sixpack Imperial Cerveza Stout,,,22674,True,Cervezas,False
231869,,2528354,231869_2528354,271499,Cerveza Quilmes 0% 473 cc,Quilmes 0,1 X 473 mL,1269.95,True,Cervezas,False
232258,,1074804154,232258_1074804154,299187,Guinness Cerveza Extra Stout,Guinnes,1 X 473 mL,3662.65,True,Cervezas,False
232258,,1074483987,232258_1074483987,96872,Heineken Cerveza Rubia en Lata,Heineken,1 X 710.0 mL,5181.75,True,Cervezas,False
232258,,2469372,232258_2469372,428367,Heineken Cerveza Rubia,Heineken,1 X 473 mL,3647.2,True,Cervezas,False
232258,,2482871,232258_2482871,162208,Corona Cerveza Tipo Lager 330 ml,Corona,1 X 330.0 mL,3089.4,True,Cervezas,False
232258,,2539095,232258_2539095,188850,Corona Cerveza Rubia,Corona,1 X 710 mL,4647,True,Cervezas,False
232258,,2114120281,232258_2114120281,156789,Schneider Cerveza Lager,Schneider,1 X 710 mL,3239.25,True,Cervezas,False
232258,,2482872,232258_2482872,442634,Cerveza Andes Origen Ipa 473 cc,Andes Origen,1 X 473.0 mL,2357.4,True,Cervezas,False
232258,,2469547,232258_2469547,37640,Cerveza Budweiser 473 cc,Budweiser,1 X 473 mL,2118.35,True,Cervezas,False
232258,,2112599376,232258_2112599376,186987,Rabieta Cerveza Helles Munich,Rabieta,1 X 473 mL,1563.6,True,Cervezas,False
232258,,2469420,232258_2469420,63327,Stella Artois Cerveza Rubia,Stella Artois,1 X 473 mL,2735.4,True,Cervezas,False
232258,,2114833020,232258_2114833020,871704,Heineken Cerveza Sin Alcohol,Heineken,1 x 473 mL,3007.2,True,Cervezas,False
232258,,2114629797,232258_2114629797,620352,Miller Genuine Draft Cerveza,Miller,1 X 330 mL,2850.82,True,Cervezas,False
232258,,2482879,232258_2482879,606296,Amstel Cerveza Lager Pura Malta ,Amstel,1 X 473 mL,2479.2,True,Cervezas,False
232258,,2469339,232258_2469339,262474,Cerveza Andes Origen Rubia 473 cc,Andes Origen,1 X 473 mL,2249.4,True,Cervezas,False
232258,,2114629803,232258_2114629803,629042,Stella Artois Cerveza,Stella Artois,1 x 330 mL,2759.4,True,Cervezas,False
232258,,2469371,232258_2469371,597816,Cerveza Miller,Miller,1 X 473.0 mL,2573.35,True,Cervezas,False
232258,,2114318535,232258_2114318535,681638,Corona Cerveza,Corona,1 X 473 mL,3179.4,True,Cervezas,True
232258,,2469409,232258_2469409,442640,Cerveza Andes Origen Roja 473 cc,Andes Origen,1 X 473 mL,2351.4,True,Cervezas,False
232258,,2114871768,232258_2114871768,916751,Cerveza Guinness Hop House,,473 mL,3127.2,True,Cervezas,False
232258,,2111346558,232258_2111346558,288198,Cerveza Patagonia Ipa 730 cc,Patagonia,1 X 730 mL,4685.4,True,Cervezas,True
232258,,2482839,232258_2482839,228999,Cerveza Patagonia Amber Lager 473 cc,Patagonia,1 X 473 mL,3347.4,True,Cervezas,True
232258,,2482851,232258_2482851,628296,Cerveza Patagonia Amber Lager 730 cc,Patagonia,1 X 730 mL,4721.4,True,Cervezas,False
232258,,2114630022,232258_2114630022,285422,Salta Cerveza Cautiva Roja,Salta,1 X 473 mL,3549,True,Cervezas,False
232258,,2114263233,232258_2114263233,448096,Imperial Cerveza Roja Amber Lager Lata,Imperial,1 X 473 mL,2983.2,True,Cervezas,False
232258,,1074392815,232258_1074392815,86175,Rabieta Cerveza Irish Red Ale,Rabieta,1 X 473 mL,3322.65,True,Cervezas,True
232258,,1074392811,232258_1074392811,48040,Antares Cerveza Artesanal Honey,Antares,1 X 473 mL,3261.3,True,Cervezas,False
232258,,1074392822,232258_1074392822,57990,Antares Cerveza Scotch,Antares,1 X 473 mL,3219.3,True,Cervezas,True
232258,,1074392831,232258_1074392831,14038,Pampa Brewing Amber Ale Lata 473ml,Pampa,1 X 473 mL,2557.65,True,Cervezas,True
232258,,1074392805,232258_1074392805,16183,Kunstmann Torobayo Lata 470ml,Kunstmann,1 X 470 mL,5189,True,Cervezas,False
232258,,1074392807,232258_1074392807,2621,Rabieta Cerveza Red Honey,Rabieta,1 X 473 mL,3322.65,True,Cervezas,False
232258,,2482853,232258_2482853,300550,Cerveza Quilmes Stout 473 cc,Quilmes,1 X 473 mL,2071.3,True,Cervezas,True
232258,,2469437,232258_2469437,359073,Cerveza Stella Artois Noire 473 cc,Stella Artois,1 X 473 mL,2717.4,True,Cervezas,False
232258,,2482873,232258_2482873,13942,Imperial Cerveza Negra Cream Stout en Lata,Imperial,1 X 473 mL,3779,True,Cervezas,False
232258,,2111346555,232258_2111346555,229428,Andes Origen Cerveza Negra en Lata,Andes Origen,1 X 473 mL,2363.4,True,Cervezas,True
232258,,2114869440,232258_2114869440,299182,Pampa Brewing Nitro Cream Stout 473ml,Pampa,1 X 473 mL,2812.65,True,Cervezas,False
232258,,1074485103,232258_1074485103,32074,Imperial Cerveza Lager Dorada Lata 710ml,Imperial,1 X 710 mL,3590.3,True,Cervezas,False
232258,,2533062,232258_2533062,156784,Imperial Cerveza Ligera Golden,Imperial,1 X 473 mL,2863.2,True,Cervezas,False
232258,,2114318537,232258_2114318537,681636,Corona Cerveza Cero,Corona 0,1 X 330 mL,2722.3,True,Cervezas,False
232258,,2469589,232258_2469589,196655,Imperial Cerveza Extra Lager,Imperial,1 X 473 mL,2839.2,True,Cervezas,False
232258,,2114629634,232258_2114629634,43537,Miller Cerveza Rubia,Miller,1 X 600 mL,4243.85,True,Cervezas,False
232258,,2113858946,232258_2113858946,532010,Cerveza Budweiser 710 cc,Budweiser,1 X 710 mL,3041.35,True,Cervezas,False
232258,,2482855,232258_2482855,288202,Cerveza Brahma Chopp 473 cc,Brahma,1 X 473.0 mL,2007.85,True,Cervezas,True
232258,,2114084425,232258_2114084425,612401,Michelob Cerveza Light Ultra,Michelob Ultra,1 X 473 mL,2228.85,True,Cervezas,True
232258,,2114083629,232258_2114083629,57613,Cerveza Patagonia Vera Ipa 473 cc,Patagonia,1 X 473 mL,2734.5,True,Cervezas,False
232258,,1074392827,232258_1074392827,29240,Rabieta Cerveza American Ipa,Rabieta,1 X 473 mL,2154.5,True,Cervezas,False
232258,,2111346548,232258_2111346548,85169,1890 Cerveza Rubia,1890,1 X 473 mL,2141.15,True,Cervezas,False
232258,,2469353,232258_2469353,354811,Cerveza Patagonia 24.7 473 cc,Patagonia,1 X 473 mL,3389.4,True,Cervezas,True
232258,,1074392810,232258_1074392810,186129,Pampa Brewing Cerveza Honey Lata 473 ml,Pampa,1 X 473 mL,2557.65,True,Cervezas,False
232258,,2114084426,232258_2114084426,595866,Stella Artois Cerveza Premium Lager,Stella Artois,1 x 710 mL,4067.4,True,Cervezas,False
232258,,2115151512,232258_2115151512,53387,Estrella Damm Cerveza,Estrella Damm,1 X 500 mL,2719,True,Cervezas,False
232258,,1074392820,232258_1074392820,74252,Pampa Cerveza Dorada Lata 473 ml,Pampa,1 X 473.0 mL,2407.2,True,Cervezas,False
232258,,2114951104,232258_2114951104,948216,Schneider Bebida Refrescante Remix Limón,Schneider,1 x 473 mL,3079,True,Cervezas,False
232258,,2114887563,232258_2114887563,830900,Cerveza Brahma 710 mL,Brahma,710 mL,3135.3,True,Cervezas,True
232258,,2114084532,232258_2114084532,604026,Cerveza Stella Artois 0% 473 cc,Stella Artois 0,1 x 473 mL,2909.25,True,Cervezas,False
232258,,2115096846,232258_2115096846,993849,Estrella Galicia Cerveza sin Gluten Lata 330ml,Estrella Galicia,1 x 330 mL,3409,True,Cervezas,False
232258,,1074392823,232258_1074392823,90470,Pampa Brewing Cerveza IPA Lata 473 ml,Pampa,1 X 473 mL,2812.65,True,Cervezas,False
232258,,1074392829,232258_1074392829,94687,Rabieta Cerveza Golden Ale,Rabieta,1 X 473 mL,3127.2,True,Cervezas,False
232258,,2114708567,232258_2114708567,837368,Imperial Cerveza Golden,Imperial,1 x 330 cc,2778.3,True,Cervezas,False
232258,,2114434307,232258_2114434307,688392,Antares Cerveza Lager,Antares,1 x 473 mL,2694.3,True,Cervezas,True
232258,,2114481637,232258_2114481637,763756,Cerveza Patagonia Lager Del Sur 473 cc,Patagonia,1 X 473 mL,3515.4,True,Cervezas,True
232258,,2115002412,232258_2115002412,967817,Corona Cerveza 0.0,,473 mL,2526.3,True,Cervezas,True
232258,,2533061,232258_2533061,156788,Imperial Apa Cerveza American Pale Ale Rubia,Imperial,1 X 473 mL,3849,True,Cervezas,False
232258,,2114564915,232258_2114564915,128218,Starberg Cerveza Lager,Sol,1 X 500 mL,1934.25,True,Cervezas,False
232258,,2114825038,232258_2114825038,626232,Stella Artois Cerveza 0%,Stella Artois 0,1 X 330 mL,2526.3,True,Cervezas,False
232258,,1074392833,232258_1074392833,81936,Antares Kolsch Cerveza ,Antares,1 X 473 mL,3212.3,True,Cervezas,True
232258,,2115129133,232258_2115129133,998321,Ipa Cerveza Antares Especiales Sin Alcohol,,1 x 473 mL,4745.3,True,Cervezas,False
232258,,2114833047,232258_2114833047,41331,Santa Fe Cerveza Rubia,Blonde,1 X 473 mL,2959,True,Cervezas,False
232258,,2114970867,232258_2114970867,955344,Asahi Cerveza Dry,,1 x 330 cc,4559.25,True,Cervezas,False
232258,,2114629949,232258_2114629949,532515,Grolsch Cerveza Ipa,Grolsch,1 X 473 mL,3591.75,True,Cervezas,False
232258,,2114481639,232258_2114481639,763757,Cerveza Patagonia Lager Del Sur 730 cc,Patagonia,1 X 730 mL,4769.4,True,Cervezas,False
232258,,2482831,232258_2482831,193507,Warsteiner Cerveza Rubia,Warsteiner,1 X 473 mL,3969,True,Cervezas,False
232258,,2482833,232258_2482833,13982,Grolsch Cerveza Pilsner,Grolsch,1 X 473 mL,4489,True,Cervezas,True
232258,,1074485096,232258_1074485096,170987,Salta Cautiva Cerveza Rubia,Salta,1 X 473 mL,3549,True,Cervezas,False
232258,,1074739728,232258_1074739728,364118,Imperial Golden Lata 710ml,Imperial,1 X 710 mL,3569.3,True,Cervezas,True
232258,,2114579895,232258_2114579895,28703,Bitburger Cerveza,Bitburger,1 X 500 mL,6009,True,Cervezas,False
232258,,2115220400,232258_2115220400,533969,Heineken Cerveza 0.0 Lata 330ml,Heineken,1 X 330 mL,3739,True,Cervezas,False
232258,,1074392819,232258_1074392819,91592,Cerveza Kunstmann Session Ipa 470ml,Kunstmann,1 X 470 mL,5019,True,Cervezas,True
232258,,2114926558,232258_2114926558,953712,Cerveza Lager Estrella Del Sur Lata,,500 mL,1459,True,Cervezas,False
232258,,2114272833,232258_2114272833,0,6 x Andes Cerveza Rubia Origen Mendocina,,,13496.4,True,Cervezas,False
232258,,2114272827,232258_2114272827,0,6 x Andes Cerveza Ipa Origen Mendocina,,,14144.4,True,Cervezas,False
232258,,2114272855,232258_2114272855,0,6 x Sixpack Heineken Cerveza,,,27354,True,Cervezas,False
232258,,2114272846,232258_2114272846,0,6 x Sixpack Michelob Ultra,,,13373.1,True,Cervezas,False
232258,,2114272837,232258_2114272837,0,6 x Stella Artois Cerveza Rubia,,,16412.4,True,Cervezas,False
232258,,2114272844,232258_2114272844,0,6 x Patagonia Vera Ipa,,,19688.4,True,Cervezas,False
232258,,2114272853,232258_2114272853,0,6 x Sixpack Amstel Cerveza Lager,,,18594,True,Cervezas,False
232258,,2114272857,232258_2114272857,0,6 x Sixpack Miller Cerveza,,,23754,True,Cervezas,False
232258,,2114272830,232258_2114272830,0,6 x Andes Cerveza Roja Origen Mendocina,,,14108.4,True,Cervezas,False
232258,,2114272843,232258_2114272843,0,6 x Sixpack Patagonia Cerveza Session Ipa K24.7,,,20336.4,True,Cervezas,False
232258,,2114272854,232258_2114272854,0,6 x Sixpack Grolsch Cerveza,,,26934,True,Cervezas,False
232258,,2114272845,232258_2114272845,0,6 x Stella Artois 0.0%,,,13856.4,True,Cervezas,False
232258,,2114272856,232258_2114272856,0,6 x Sixpack Imperial Cerveza Golden,,,21474,True,Cervezas,False
232258,,2114272829,232258_2114272829,0,6 x Quilmes Cerveza Stout,,,12427.8,True,Cervezas,False
232258,,2114272862,232258_2114272862,0,6 x Sixpack Imperial Cerveza Stout,,,22674,True,Cervezas,False
232258,,2114272839,232258_2114272839,0,6 x Quilmes 0.0% Cerveza Rubia,,,7850.7,True,Cervezas,False
232258,,2114272836,232258_2114272836,0,6 x Budweiser Cerveza Rubia,,,12710.1,True,Cervezas,False
232258,,2114272842,232258_2114272842,0,6 x Patagonia Cerveza Amber Lager,,,20084.4,True,Cervezas,False
232258,,2114272835,232258_2114272835,0,6 x Brahma Cerveza,,,12047.1,True,Cervezas,False
232258,,2114272828,232258_2114272828,0,6 x Quilmes Ipa,,,17634,True,Cervezas,False
232258,,2114272847,232258_2114272847,0,6 x Quilmes Cerveza Clásica,,,11111.1,True,Cervezas,False
232258,,2528354,232258_2528354,271499,Cerveza Quilmes 0% 473 cc,Quilmes 0,1 X 473 mL,1665.3,True,Cervezas,False
232258,,2115096847,232258_2115096847,993850,Estrella Galicia Cerveza 0.0 Tostada Lata 330ml,Estrella Galicia,1 x 330 mL,4059,True,Cervezas,False
234279,,2111346548,234279_2111346548,85169,1890 Cerveza Rubia,1890,1 X 473 mL,2141.15,True,Cervezas,False
234279,,2114084425,234279_2114084425,612401,Michelob Cerveza Light Ultra,Michelob Ultra,1 X 473 mL,2254.85,True,Cervezas,False
234279,,2114951104,234279_2114951104,948216,Schneider Bebida Refrescante Remix Limón,Schneider,1 x 473 mL,3169,True,Cervezas,False
234279,,2482872,234279_2482872,442634,Cerveza Andes Origen Ipa 473 cc,Andes Origen,1 X 473.0 mL,2363.4,True,Cervezas,False
234279,,2482871,234279_2482871,162208,Corona Cerveza Tipo Lager 330 ml,Corona,1 X 330.0 mL,3089.4,True,Cervezas,False
234279,,2114262372,234279_2114262372,581510,Amstel Cerveza Lager,Amstel,1 X 710.0 mL,3128.3,True,Cervezas,False
234279,,2114084532,234279_2114084532,604026,Cerveza Stella Artois 0% 473 cc,Stella Artois 0,1 x 473 mL,2291.4,True,Cervezas,False
234279,,2114629797,234279_2114629797,620352,Miller Genuine Draft Cerveza,Miller,1 X 330 mL,2879.23,True,Cervezas,False
234279,,2482855,234279_2482855,288202,Cerveza Brahma Chopp 473 cc,Brahma,1 X 473.0 mL,2007.85,True,Cervezas,False
234279,,2469564,234279_2469564,16264,Schneider Cerveza Rubia Lager,Schneider,1 X 473.0 mL,2557.65,True,Cervezas,False
234279,,2469339,234279_2469339,262474,Cerveza Andes Origen Rubia 473 cc,Andes Origen,1 X 473 mL,2225.4,True,Cervezas,False
234279,,2114629634,234279_2114629634,43537,Miller Cerveza Rubia,Miller,1 X 600 mL,4230.85,True,Cervezas,False
234279,,2469547,234279_2469547,37640,Cerveza Budweiser 473 cc,Budweiser,1 X 473 mL,2020.85,True,Cervezas,False
234279,,2114083629,234279_2114083629,57613,Cerveza Patagonia Vera Ipa 473 cc,Patagonia,1 X 473 mL,2729.5,True,Cervezas,False
234279,,2113858946,234279_2113858946,532010,Cerveza Budweiser 710 cc,Budweiser,1 X 710 mL,3041.35,True,Cervezas,False
234279,,2469409,234279_2469409,442640,Cerveza Andes Origen Roja 473 cc,Andes Origen,1 X 473 mL,2351.4,True,Cervezas,False
234279,,2482851,234279_2482851,628296,Cerveza Patagonia Amber Lager 730 cc,Patagonia,1 X 730 mL,4745.4,True,Cervezas,False
234279,,2482839,234279_2482839,228999,Cerveza Patagonia Amber Lager 473 cc,Patagonia,1 X 473 mL,3347.4,True,Cervezas,False
234279,,1074392805,234279_1074392805,16183,Kunstmann Torobayo Lata 470ml,Kunstmann,1 X 470 mL,5189,True,Cervezas,False
234279,,2114263233,234279_2114263233,448096,Imperial Cerveza Roja Amber Lager Lata,Imperial,1 X 473 mL,2983.2,True,Cervezas,False
234279,,1074392822,234279_1074392822,57990,Antares Cerveza Scotch,Antares,1 X 473 mL,3275.3,True,Cervezas,False
234279,,1074392811,234279_1074392811,48040,Antares Cerveza Artesanal Honey,Antares,1 X 473 mL,3296.3,True,Cervezas,False
234279,,2114630022,234279_2114630022,285422,Salta Cerveza Cautiva Roja,Salta,1 X 473 mL,3619,True,Cervezas,False
234279,,2469371,234279_2469371,597816,Cerveza Miller,Miller,1 X 473.0 mL,2625.35,True,Cervezas,False
234279,,2482853,234279_2482853,300550,Cerveza Quilmes Stout 473 cc,Quilmes,1 X 473 mL,2071.3,True,Cervezas,False
234279,,2482873,234279_2482873,13942,Imperial Cerveza Negra Cream Stout en Lata,Imperial,1 X 473 mL,3809,True,Cervezas,False
234279,,2469437,234279_2469437,359073,Cerveza Stella Artois Noire 473 cc,Stella Artois,1 X 473 mL,2717.4,True,Cervezas,False
234279,,2111346555,234279_2111346555,229428,Andes Origen Cerveza Negra en Lata,Andes Origen,1 X 473 mL,2399.4,True,Cervezas,False
234279,,2114272833,234279_2114272833,0,6 x Andes Cerveza Rubia Origen Mendocina,,,13352.4,True,Cervezas,False
234279,,2114272846,234279_2114272846,0,6 x Sixpack Michelob Ultra,,,13529.1,True,Cervezas,False
234279,,2114272836,234279_2114272836,0,6 x Budweiser Cerveza Rubia,,,12125.1,True,Cervezas,False
234279,,2114272827,234279_2114272827,0,6 x Andes Cerveza Ipa Origen Mendocina,,,14180.4,True,Cervezas,False
234279,,2114272845,234279_2114272845,0,6 x Stella Artois 0.0%,,,13748.4,True,Cervezas,False
234279,,2114272835,234279_2114272835,0,6 x Brahma Cerveza,,,12047.1,True,Cervezas,False
234279,,2114272830,234279_2114272830,0,6 x Andes Cerveza Roja Origen Mendocina,,,14108.4,True,Cervezas,False
234279,,2114272843,234279_2114272843,0,6 x Sixpack Patagonia Cerveza Session Ipa K24.7,,,20336.4,True,Cervezas,False
234279,,2114272842,234279_2114272842,0,6 x Patagonia Cerveza Amber Lager,,,20084.4,True,Cervezas,False
234279,,2114272829,234279_2114272829,0,6 x Quilmes Cerveza Stout,,,12427.8,True,Cervezas,False
234279,,2114272857,234279_2114272857,0,6 x Sixpack Miller Cerveza,,,24234,True,Cervezas,False
234279,,2114272864,234279_2114272864,0,6 x Sixpack Warsteiner Cerveza,,,23754,True,Cervezas,False
234279,,2114272844,234279_2114272844,0,6 x Patagonia Vera Ipa,,,19652.4,True,Cervezas,False
234279,,2114272858,234279_2114272858,0,6 x Sixpack Schneider Cerveza Rubia,,,18054,True,Cervezas,False
234279,,2114272854,234279_2114272854,0,6 x Sixpack Grolsch Cerveza,,,26934,True,Cervezas,False
234279,,2114272828,234279_2114272828,0,6 x Quilmes Ipa,,,17634,True,Cervezas,False
234279,,2114641639,234279_2114641639,0,6 x Salta Cautiva Session 473 mL,,,21234,True,Cervezas,False
234279,,2114641633,234279_2114641633,0,6 x Amstel Lager 710 mL,,,16088.4,True,Cervezas,False
234279,,2114272847,234279_2114272847,0,6 x Quilmes Cerveza Clásica,,,11111.1,True,Cervezas,False
234279,,2114272862,234279_2114272862,0,6 x Sixpack Imperial Cerveza Stout,,,22854,True,Cervezas,False
234279,,2114649584,234279_2114649584,0,4 x Quilmes Clásica 710 mL,,,11589.2,True,Cervezas,False
234279,,1074392819,234279_1074392819,91592,Cerveza Kunstmann Session Ipa 470ml,Kunstmann,1 X 470 mL,5019,True,Cervezas,False
234279,,2114833020,234279_2114833020,871704,Heineken Cerveza Sin Alcohol,Heineken,1 x 473 mL,3127.2,True,Cervezas,False
234279,,2114869743,234279_2114869743,892720,Imperial Cerveza Sin Alcohol Golden,,1 x 473 cc,1708.85,True,Cervezas,False
234279,,2528354,234279_2528354,271499,Cerveza Quilmes 0% 473 cc,Quilmes 0,1 X 473 mL,1308.45,True,Cervezas,False
234279,,2115002412,234279_2115002412,967817,Corona Cerveza 0.0,,473 mL,1984.95,True,Cervezas,False
234279,,2115129133,234279_2115129133,998321,Ipa Cerveza Antares Especiales Sin Alcohol,,1 x 473 mL,4745.3,True,Cervezas,False
240042,,2114871768,240042_2114871768,916751,Cerveza Guinness Hop House,,473 mL,3183.2,True,Cervezas,True
240042,,2539095,240042_2539095,188850,Corona Cerveza Rubia,Corona,1 X 710 mL,5808.75,True,Cervezas,False
240042,,2482839,240042_2482839,228999,Cerveza Patagonia Amber Lager 473 cc,Patagonia,1 X 473 mL,3221.4,True,Cervezas,True
240042,,2482871,240042_2482871,162208,Corona Cerveza Tipo Lager 330 ml,Corona,1 X 330.0 mL,3719.25,True,Cervezas,True
240042,,2114083629,240042_2114083629,57613,Cerveza Patagonia Vera Ipa 473 cc,Patagonia,1 X 473 mL,2629.5,True,Cervezas,True
240042,,2469372,240042_2469372,428367,Heineken Cerveza Rubia,Heineken,1 X 473 mL,3647.2,True,Cervezas,False
240042,,2114318537,240042_2114318537,681636,Corona Cerveza Cero,Corona 0,1 X 330 mL,2111.45,True,Cervezas,True
240042,,1074483987,240042_1074483987,96872,Heineken Cerveza Rubia en Lata,Heineken,1 X 710.0 mL,5091.75,True,Cervezas,False
240042,,2469420,240042_2469420,63327,Stella Artois Cerveza Rubia,Stella Artois,1 X 473 mL,3314.25,True,Cervezas,True
240042,,2114084425,240042_2114084425,612401,Michelob Cerveza Light Ultra,Michelob Ultra,1 X 473 mL,2679.2,True,Cervezas,True
240042,,2114629797,240042_2114629797,620352,Miller Genuine Draft Cerveza,Miller,1 X 330 mL,2854.5,True,Cervezas,True
240042,,2469547,240042_2469547,37640,Cerveza Budweiser 473 cc,Budweiser,1 X 473 mL,2535.2,True,Cervezas,False
240042,,2114120281,240042_2114120281,156789,Schneider Cerveza Lager,Schneider,1 X 710 mL,3239.25,True,Cervezas,True
240042,,2114318535,240042_2114318535,681638,Corona Cerveza,Corona,1 X 473 mL,3816.75,True,Cervezas,True
240042,,2469564,240042_2469564,16264,Schneider Cerveza Rubia Lager,Schneider,1 X 473.0 mL,2600.15,True,Cervezas,False
240042,,2469389,240042_2469389,156749,Cerveza Quilmes Clásica 473 cc,Quilmes,1 X 473 mL,2076.75,True,Cervezas,False
240042,,2469371,240042_2469371,597816,Cerveza Miller,Miller,1 X 473.0 mL,2573.35,True,Cervezas,False
240042,,2482855,240042_2482855,288202,Cerveza Brahma Chopp 473 cc,Brahma,1 X 473.0 mL,2249.25,True,Cervezas,True
240042,,2469409,240042_2469409,442640,Cerveza Andes Origen Roja 473 cc,Andes Origen,1 X 473 mL,2285.4,True,Cervezas,True
240042,,2111346558,240042_2111346558,288198,Cerveza Patagonia Ipa 730 cc,Patagonia,1 X 730 mL,4505.4,True,Cervezas,False
240042,,2114629803,240042_2114629803,629042,Stella Artois Cerveza,Stella Artois,1 x 330 mL,3284.25,True,Cervezas,True
240042,,2482873,240042_2482873,13942,Imperial Cerveza Negra Cream Stout en Lata,Imperial,1 X 473 mL,3779,True,Cervezas,True
240042,,2111346555,240042_2111346555,229428,Andes Origen Cerveza Negra en Lata,Andes Origen,1 X 473 mL,2273.4,True,Cervezas,False
240042,,2482851,240042_2482851,628296,Cerveza Patagonia Amber Lager 730 cc,Patagonia,1 X 730 mL,4535.4,True,Cervezas,True
240042,,2482853,240042_2482853,300550,Cerveza Quilmes Stout 473 cc,Quilmes,1 X 473 mL,2029.3,True,Cervezas,True
240042,,2115299986,240042_2115299986,1049258,Stones Cerveza Lemon,,1 x 473 mL,1,True,Cervezas,True
240042,,2115299987,240042_2115299987,1049259,Stones Cerveza Maracuyá,,1 x 473 mL,1,True,Cervezas,True
240042,,2114833020,240042_2114833020,871704,Heineken Cerveza Sin Alcohol,Heineken,1 x 473 mL,3071.2,True,Cervezas,True
240042,,2114084532,240042_2114084532,604026,Cerveza Stella Artois 0% 473 cc,Stella Artois 0,1 x 473 mL,2261.4,True,Cervezas,True
240042,,2528354,240042_2528354,271499,Cerveza Quilmes 0% 473 cc,Quilmes 0,1 X 473 mL,1269.95,True,Cervezas,True
240042,,2115002412,240042_2115002412,967817,Corona Cerveza 0.0,,473 mL,1984.95,True,Cervezas,False
240042,,2115129133,240042_2115129133,998321,Ipa Cerveza Antares Especiales Sin Alcohol,,1 x 473 mL,4563.3,True,Cervezas,True
240042,,2114869743,240042_2114869743,892720,Imperial Cerveza Sin Alcohol Golden,,1 x 473 cc,1715.35,True,Cervezas,True
242531,,2115096845,242531_2115096845,993848,Cerveza Pampa Lager Lata 473ml,Pampa,1 x 473 mL,1805.4,True,Cervezas,False
242531,,2539095,242531_2539095,188850,Corona Cerveza Rubia,Corona,1 X 710 mL,4647,True,Cervezas,False
242531,,2114549076,242531_2114549076,796267,Cerveza Andes Origen Oro 473 cc,Andes Origen,1 X 473 mL,2207.4,True,Cervezas,True
242531,,2482871,242531_2482871,162208,Corona Cerveza Tipo Lager 330 ml,Corona,1 X 330.0 mL,2975.4,True,Cervezas,False
242531,,2114318535,242531_2114318535,681638,Corona Cerveza,Corona,1 X 473 mL,3053.4,True,Cervezas,False
242531,,2482872,242531_2482872,442634,Cerveza Andes Origen Ipa 473 cc,Andes Origen,1 X 473.0 mL,2333.4,True,Cervezas,False
242531,,2469339,242531_2469339,262474,Cerveza Andes Origen Rubia 473 cc,Andes Origen,1 X 473 mL,2033.4,True,Cervezas,False
242531,,2114318537,242531_2114318537,681636,Corona Cerveza Cero,Corona 0,1 X 330 mL,2687.3,True,Cervezas,True
242531,,2114629803,242531_2114629803,629042,Stella Artois Cerveza,Stella Artois,1 x 330 mL,2657.4,True,Cervezas,False
242531,,2111346548,242531_2111346548,85169,1890 Cerveza Rubia,1890,1 X 473 mL,2090.15,True,Cervezas,False
242531,,2114084425,242531_2114084425,612401,Michelob Cerveza Light Ultra,Michelob Ultra,1 X 473 mL,2163.85,True,Cervezas,False
242531,,2114083629,242531_2114083629,57613,Cerveza Patagonia Vera Ipa 473 cc,Patagonia,1 X 473 mL,2629.5,True,Cervezas,True
242531,,2469420,242531_2469420,63327,Stella Artois Cerveza Rubia,Stella Artois,1 X 473 mL,2645.4,True,Cervezas,False
242531,,2114951104,242531_2114951104,948216,Schneider Bebida Refrescante Remix Limón,Schneider,1 x 473 mL,2869,True,Cervezas,False
242531,,2469371,242531_2469371,597816,Cerveza Miller,Miller,1 X 473.0 mL,2410.85,True,Cervezas,False
242531,,2469353,242531_2469353,354811,Cerveza Patagonia 24.7 473 cc,Patagonia,1 X 473 mL,3251.4,True,Cervezas,False
242531,,2482833,242531_2482833,13982,Grolsch Cerveza Pilsner,Grolsch,1 X 473 mL,4299,True,Cervezas,False
242531,,2469409,242531_2469409,442640,Cerveza Andes Origen Roja 473 cc,Andes Origen,1 X 473 mL,2285.4,True,Cervezas,True
242531,,2111346558,242531_2111346558,288198,Cerveza Patagonia Ipa 730 cc,Patagonia,1 X 730 mL,4505.4,True,Cervezas,True
242531,,2114481637,242531_2114481637,763756,Cerveza Patagonia Lager Del Sur 473 cc,Patagonia,1 X 473 mL,3473.4,True,Cervezas,True
242531,,2482851,242531_2482851,628296,Cerveza Patagonia Amber Lager 730 cc,Patagonia,1 X 730 mL,4535.4,True,Cervezas,True
242531,,2482839,242531_2482839,228999,Cerveza Patagonia Amber Lager 473 cc,Patagonia,1 X 473 mL,3209.4,True,Cervezas,True
242531,,2114630022,242531_2114630022,285422,Salta Cerveza Cautiva Roja,Salta,1 X 473 mL,3309,True,Cervezas,False
242531,,1074392811,242531_1074392811,48040,Antares Cerveza Artesanal Honey,Antares,1 X 473 mL,3436.3,True,Cervezas,False
242531,,1074804154,242531_1074804154,299187,Guinness Cerveza Extra Stout,Guinnes,1 X 473 mL,3832.65,True,Cervezas,False
242531,,2482873,242531_2482873,13942,Imperial Cerveza Negra Cream Stout en Lata,Imperial,1 X 473 mL,3519,True,Cervezas,True
242531,,2482853,242531_2482853,300550,Cerveza Quilmes Stout 473 cc,Quilmes,1 X 473 mL,2319.2,True,Cervezas,True
242531,,2111346555,242531_2111346555,229428,Andes Origen Cerveza Negra en Lata,Andes Origen,1 X 473 mL,2834.25,True,Cervezas,False
242531,,2469437,242531_2469437,359073,Cerveza Stella Artois Noire 473 cc,Stella Artois,1 X 473 mL,3261.75,True,Cervezas,True
242531,,2469547,242531_2469547,37640,Cerveza Budweiser 473 cc,Budweiser,1 X 473 mL,2059.85,True,Cervezas,False
242531,,2114629797,242531_2114629797,620352,Miller Genuine Draft Cerveza,Miller,1 X 330 mL,2742.43,True,Cervezas,True
242531,,2114629800,242531_2114629800,631362,Salta Cerveza Session Ipa,Salta Cautiva,1 x 473 mL,3399,True,Cervezas,False
242531,,2114629634,242531_2114629634,43537,Miller Cerveza Rubia,Miller,1 X 600 mL,3957.85,True,Cervezas,False
242531,,2114481639,242531_2114481639,763757,Cerveza Patagonia Lager Del Sur 730 cc,Patagonia,1 X 730 mL,4589.4,True,Cervezas,False
242531,,2482831,242531_2482831,193507,Warsteiner Cerveza Rubia,Warsteiner,1 X 473 mL,3699,True,Cervezas,False
242531,,2114833020,242531_2114833020,871704,Heineken Cerveza Sin Alcohol,Heineken,1 x 473 mL,2911.2,True,Cervezas,False
242531,,2114084426,242531_2114084426,595866,Stella Artois Cerveza Premium Lager,Stella Artois,1 x 710 mL,3905.4,True,Cervezas,False
242531,,2114887563,242531_2114887563,830900,Cerveza Brahma 710 mL,Brahma,710 mL,3016.3,True,Cervezas,True
242531,,2114871768,242531_2114871768,916751,Cerveza Guinness Hop House,,473 mL,3127.2,True,Cervezas,False
242531,,2469589,242531_2469589,196655,Imperial Cerveza Extra Lager,Imperial,1 X 473 mL,2671.2,True,Cervezas,False
242531,,2115096846,242531_2115096846,993849,Estrella Galicia Cerveza sin Gluten Lata 330ml,Estrella Galicia,1 x 330 mL,3409,True,Cervezas,False
242531,,1074518352,242531_1074518352,673325,Antares Cerveza Ipa,Antares,1 x 473 mL,3331.3,True,Cervezas,False
242531,,2114869743,242531_2114869743,892720,Imperial Cerveza Sin Alcohol Golden,,1 x 473 cc,1559.35,True,Cervezas,False
242531,,2115002412,242531_2115002412,967817,Corona Cerveza 0.0,,473 mL,2526.3,True,Cervezas,True
242531,,2533061,242531_2533061,156788,Imperial Apa Cerveza American Pale Ale Rubia,Imperial,1 X 473 mL,3649,True,Cervezas,False
242531,,2114967292,242531_2114967292,234919,Peroni Cerveza,Peroni,1 X 330 mL,4206.75,True,Cervezas,False
242531,,2114970867,242531_2114970867,955344,Asahi Cerveza Dry,,1 x 330 cc,4386.75,True,Cervezas,True
242531,,2114629949,242531_2114629949,532515,Grolsch Cerveza Ipa,Grolsch,1 X 473 mL,3344.25,True,Cervezas,True
242531,,2114897271,242531_2114897271,25531,Bitburger Cerveza,Bitburger,1 X 330 mL,5369,True,Cervezas,False
242531,,1074485096,242531_1074485096,170987,Salta Cautiva Cerveza Rubia,Salta,1 X 473 mL,3309,True,Cervezas,False
242531,,2528354,242531_2528354,271499,Cerveza Quilmes 0% 473 cc,Quilmes 0,1 X 473 mL,1616.3,True,Cervezas,False
242531,,2115096847,242531_2115096847,993850,Estrella Galicia Cerveza 0.0 Tostada Lata 330ml,Estrella Galicia,1 x 330 mL,3899,True,Cervezas,False
244575,,2114833020,244575_2114833020,871704,Heineken Cerveza Sin Alcohol,Heineken,1 x 473 mL,3023.2,True,Cervezas,False
244575,,2114084532,244575_2114084532,604026,Cerveza Stella Artois 0% 473 cc,Stella Artois 0,1 x 473 mL,2736.75,True,Cervezas,False
244575,,2528354,244575_2528354,271499,Cerveza Quilmes 0% 473 cc,Quilmes 0,1 X 473 mL,1567.3,True,Cervezas,False
244575,,2114318537,244575_2114318537,681636,Corona Cerveza Cero,Corona 0,1 X 330 mL,2554.3,True,Cervezas,False
244575,,2115002412,244575_2115002412,967817,Corona Cerveza 0.0,,473 mL,2526.3,True,Cervezas,False
244575,,2114869743,244575_2114869743,892720,Imperial Cerveza Sin Alcohol Golden,,1 x 473 cc,1689.35,True,Cervezas,False
244575,,2115220400,244575_2115220400,533969,Heineken Cerveza 0.0 Lata 330ml,Heineken,1 X 330 mL,3539,True,Cervezas,False
244575,,2115096847,244575_2115096847,993850,Estrella Galicia Cerveza 0.0 Tostada Lata 330ml,Estrella Galicia,1 x 330 mL,3819,True,Cervezas,False
244576,,2114019305,244576_2114019305,626222,Blue Moon Belgian White Lata 473 ml,Blue Moon,1 x 473 mL,3709.3,True,Cervezas,False
244576,,2114833020,244576_2114833020,871704,Heineken Cerveza Sin Alcohol,Heineken,1 x 473 mL,2663.2,True,Cervezas,False
244576,,2114084532,244576_2114084532,604026,Cerveza Stella Artois 0% 473 cc,Stella Artois 0,1 x 473 mL,1973.4,True,Cervezas,False
244576,,2114318537,244576_2114318537,681636,Corona Cerveza Cero,Corona 0,1 X 330 mL,2017.95,True,Cervezas,False
244576,,2528354,244576_2528354,271499,Cerveza Quilmes 0% 473 cc,Quilmes 0,1 X 473 mL,1231.45,True,Cervezas,False
244576,,2115129133,244576_2115129133,998321,Ipa Cerveza Antares Especiales Sin Alcohol,,1 x 473 mL,2820.3,True,Cervezas,False
244576,,2115220400,244576_2115220400,533969,Heineken Cerveza 0.0 Lata 330ml,Heineken,1 X 330 mL,3519,True,Cervezas,False
244576,,2115096845,244576_2115096845,993848,Cerveza Pampa Lager Lata 473ml,Pampa,1 x 473 mL,1203.6,True,Cervezas,False
244576,,1074392815,244576_1074392815,86175,Rabieta Cerveza Irish Red Ale,Rabieta,1 X 473 mL,3331.15,True,Cervezas,False
244576,,2469547,244576_2469547,37640,Cerveza Budweiser 473 cc,Budweiser,1 X 473 mL,1994.85,True,Cervezas,False
244576,,2469420,244576_2469420,63327,Stella Artois Cerveza Rubia,Stella Artois,1 X 473 mL,2561.4,True,Cervezas,False
244576,,2115070698,244576_2115070698,59512,Cerveza Brahma Chopp Lata 354mlx1,Brahma,1 X 354 mL,1724.65,True,Cervezas,False
244576,,1074392833,244576_1074392833,81936,Antares Kolsch Cerveza ,Antares,1 X 473 mL,2862.3,True,Cervezas,False
244576,,2114914425,244576_2114914425,930894,Cerveza Quilmes Bajo Cero,,473 mL,1719,True,Cervezas,False
244576,,2114970867,244576_2114970867,955344,Asahi Cerveza Dry,,1 x 330 cc,4349.25,True,Cervezas,False
244576,,2114967292,244576_2114967292,234919,Peroni Cerveza,Peroni,1 X 330 mL,3756.75,True,Cervezas,False
244576,,2114708567,244576_2114708567,837368,Imperial Cerveza Golden,Imperial,1 x 330 cc,2435.3,True,Cervezas,False
244576,,2112599376,244576_2112599376,186987,Rabieta Cerveza Helles Munich,Rabieta,1 X 473 mL,1563.6,True,Cervezas,False
244576,,1074392831,244576_1074392831,14038,Pampa Brewing Amber Ale Lata 473ml,Pampa,1 X 473 mL,2540.65,True,Cervezas,False
244576,,2114631084,244576_2114631084,753489,Blue Moon Cerveza Belgian White,Blue Moon,1 x 355 cc,3047.4,True,Cervezas,False
244576,,1074392811,244576_1074392811,48040,Antares Cerveza Artesanal Honey,Antares,1 X 473 mL,3261.3,True,Cervezas,False
244576,,2482851,244576_2482851,628296,Cerveza Patagonia Amber Lager 730 cc,Patagonia,1 X 730 mL,5549.25,True,Cervezas,False
244576,,1074392822,244576_1074392822,57990,Antares Cerveza Scotch,Antares,1 X 473 mL,3233.3,True,Cervezas,False
244576,,2111346558,244576_2111346558,288198,Cerveza Patagonia Ipa 730 cc,Patagonia,1 X 730 mL,5511.75,True,Cervezas,False
244576,,2114630022,244576_2114630022,285422,Salta Cerveza Cautiva Roja,Salta,1 X 473 mL,3549,True,Cervezas,False
244576,,2469409,244576_2469409,442640,Cerveza Andes Origen Roja 473 cc,Andes Origen,1 X 473 mL,2766.75,True,Cervezas,False
244576,,1074392807,244576_1074392807,2621,Rabieta Cerveza Red Honey,Rabieta,1 X 473 mL,3288.65,True,Cervezas,False
244576,,2482839,244576_2482839,228999,Cerveza Patagonia Amber Lager 473 cc,Patagonia,1 X 473 mL,3929.25,True,Cervezas,False
244576,,1074392805,244576_1074392805,16183,Kunstmann Torobayo Lata 470ml,Kunstmann,1 X 470 mL,5189,True,Cervezas,False
244576,,2114263233,244576_2114263233,448096,Imperial Cerveza Roja Amber Lager Lata,Imperial,1 X 473 mL,3007.2,True,Cervezas,False
244576,,2114869440,244576_2114869440,299182,Pampa Brewing Nitro Cream Stout 473ml,Pampa,1 X 473 mL,2812.65,True,Cervezas,False
244576,,2111346555,244576_2111346555,229428,Andes Origen Cerveza Negra en Lata,Andes Origen,1 X 473 mL,2225.4,True,Cervezas,False
244576,,2482853,244576_2482853,300550,Cerveza Quilmes Stout 473 cc,Quilmes,1 X 473 mL,1945.3,True,Cervezas,False
244576,,2469437,244576_2469437,359073,Cerveza Stella Artois Noire 473 cc,Stella Artois,1 X 473 mL,2555.4,True,Cervezas,False
244576,,2482873,244576_2482873,13942,Imperial Cerveza Negra Cream Stout en Lata,Imperial,1 X 473 mL,3779,True,Cervezas,False
244576,,2114871768,244576_2114871768,916751,Cerveza Guinness Hop House,,473 mL,3127.2,True,Cervezas,False
244576,,1074392823,244576_1074392823,90470,Pampa Brewing Cerveza IPA Lata 473 ml,Pampa,1 X 473 mL,2812.65,True,Cervezas,False
244576,,2469564,244576_2469564,16264,Schneider Cerveza Rubia Lager,Schneider,1 X 473.0 mL,2591.65,True,Cervezas,False
244576,,1074392820,244576_1074392820,74252,Pampa Cerveza Dorada Lata 473 ml,Pampa,1 X 473.0 mL,2407.2,True,Cervezas,False
244576,,1074518352,244576_1074518352,673325,Antares Cerveza Ipa,Antares,1 x 473 mL,3163.3,True,Cervezas,False
244576,,1074392810,244576_1074392810,186129,Pampa Brewing Cerveza Honey Lata 473 ml,Pampa,1 X 473 mL,2557.65,True,Cervezas,False
244576,,2113858946,244576_2113858946,532010,Cerveza Budweiser 710 cc,Budweiser,1 X 710 mL,2852.85,True,Cervezas,False
244576,,2114318535,244576_2114318535,681638,Corona Cerveza,Corona,1 X 473 mL,2987.4,True,Cervezas,False
244576,,1074483987,244576_1074483987,96872,Heineken Cerveza Rubia en Lata,Heineken,1 X 710.0 mL,5091.75,True,Cervezas,False
244576,,2114564915,244576_2114564915,128218,Starberg Cerveza Lager,Sol,1 X 500 mL,1994.25,True,Cervezas,False
244576,,2114549144,244576_2114549144,794526,Cerveza Quilmes Clásica 710 cc,Quilmes,1 X 710 mL,2575.3,True,Cervezas,False
244576,,2114887563,244576_2114887563,830900,Cerveza Brahma 710 mL,Brahma,710 mL,2652.3,True,Cervezas,False
244576,,2469353,244576_2469353,354811,Cerveza Patagonia 24.7 473 cc,Patagonia,1 X 473 mL,3179.4,True,Cervezas,False
244576,,1074485103,244576_1074485103,32074,Imperial Cerveza Lager Dorada Lata 710ml,Imperial,1 X 710 mL,3562.3,True,Cervezas,True
244576,,2469371,244576_2469371,597816,Cerveza Miller,Miller,1 X 473.0 mL,2586.35,True,Cervezas,False
244576,,2114084426,244576_2114084426,595866,Stella Artois Cerveza Premium Lager,Stella Artois,1 x 710 mL,3437.4,True,Cervezas,False
244576,,2114629803,244576_2114629803,629042,Stella Artois Cerveza,Stella Artois,1 x 330 mL,2573.4,True,Cervezas,False
244576,,1074392829,244576_1074392829,94687,Rabieta Cerveza Golden Ale,Rabieta,1 X 473 mL,3127.2,True,Cervezas,False
244576,,2114434307,244576_2114434307,688392,Antares Cerveza Lager,Antares,1 x 473 mL,2694.3,True,Cervezas,False
244576,,2114481637,244576_2114481637,763756,Cerveza Patagonia Lager Del Sur 473 cc,Patagonia,1 X 473 mL,3251.4,True,Cervezas,False
244576,,2482879,244576_2482879,606296,Amstel Cerveza Lager Pura Malta ,Amstel,1 X 473 mL,2487.2,True,Cervezas,False
244576,,2114869743,244576_2114869743,892720,Imperial Cerveza Sin Alcohol Golden,,1 x 473 cc,1396.85,True,Cervezas,False
244576,,2114629797,244576_2114629797,620352,Miller Genuine Draft Cerveza,Miller,1 X 330 mL,2449.85,True,Cervezas,False
244576,,2115002412,244576_2115002412,967817,Corona Cerveza 0.0,,473 mL,1984.95,True,Cervezas,False
244576,,2533049,244576_2533049,362210,Imperial Cerveza Ipa,Imperial,1 X 473 mL,2623.2,True,Cervezas,False
244576,,2482874,244576_2482874,43389,Heineken Cerveza Original,Heineken,1 X 330 mL,3696.75,True,Cervezas,False
244576,,2533061,244576_2533061,156788,Imperial Apa Cerveza American Pale Ale Rubia,Imperial,1 X 473 mL,3799,True,Cervezas,False
244576,,2114833047,244576_2114833047,41331,Santa Fe Cerveza Rubia,Blonde,1 X 473 mL,2599,True,Cervezas,False
244576,,2114629949,244576_2114629949,532515,Grolsch Cerveza Ipa,Grolsch,1 X 473 mL,3126.75,True,Cervezas,False
244576,,2114481639,244576_2114481639,763757,Cerveza Patagonia Lager Del Sur 730 cc,Patagonia,1 X 730 mL,4463.4,True,Cervezas,False
244576,,2482831,244576_2482831,193507,Warsteiner Cerveza Rubia,Warsteiner,1 X 473 mL,3949,True,Cervezas,False
244576,,2482833,244576_2482833,13982,Grolsch Cerveza Pilsner,Grolsch,1 X 473 mL,4459,True,Cervezas,False
244576,,1074485096,244576_1074485096,170987,Salta Cautiva Cerveza Rubia,Salta,1 X 473 mL,3529,True,Cervezas,False
244576,,1074392819,244576_1074392819,91592,Cerveza Kunstmann Session Ipa 470ml,Kunstmann,1 X 470 mL,4719,True,Cervezas,False
244576,,2115096847,244576_2115096847,993850,Estrella Galicia Cerveza 0.0 Tostada Lata 330ml,Estrella Galicia,1 x 330 mL,3409,True,Cervezas,False
250388,,1074483987,250388_1074483987,96872,Heineken Cerveza Rubia en Lata,Heineken,1 X 710.0 mL,5174.25,True,Cervezas,False
250388,,2111346548,250388_2111346548,85169,1890 Cerveza Rubia,1890,1 X 473 mL,1962.65,True,Cervezas,False
250388,,2115034643,250388_2115034643,981051,Michelob Ultra Cerveza,Michelob Ultra,1 x 275 mL,2072.85,True,Cervezas,False
250388,,1074518352,250388_1074518352,673325,Antares Cerveza Ipa,Antares,1 x 473 mL,3163.3,True,Cervezas,False
250388,,2114084425,250388_2114084425,612401,Michelob Cerveza Light Ultra,Michelob Ultra,1 X 473 mL,2131.35,True,Cervezas,False
250388,,2114434307,250388_2114434307,688392,Antares Cerveza Lager,Antares,1 x 473 mL,2694.3,True,Cervezas,False
250388,,1074392833,250388_1074392833,81936,Antares Kolsch Cerveza ,Antares,1 X 473 mL,3177.3,True,Cervezas,False
250388,,2114970867,250388_2114970867,955344,Asahi Cerveza Dry,,1 x 330 cc,4251.75,True,Cervezas,False
250388,,2115002412,250388_2115002412,967817,Corona Cerveza 0.0,,473 mL,1984.95,True,Cervezas,False
250388,,2115129133,250388_2115129133,998321,Ipa Cerveza Antares Especiales Sin Alcohol,,1 x 473 mL,4465.3,True,Cervezas,False
250388,,2114318535,250388_2114318535,681638,Corona Cerveza,Corona,1 X 473 mL,3711.75,True,Cervezas,False
250388,,2114914425,250388_2114914425,930894,Cerveza Quilmes Bajo Cero,,473 mL,2109,True,Cervezas,False
250388,,2114564915,250388_2114564915,128218,Starberg Cerveza Lager,Sol,1 X 500 mL,1934.25,True,Cervezas,False
250388,,2114833047,250388_2114833047,41331,Santa Fe Cerveza Rubia,Blonde,1 X 473 mL,2959,True,Cervezas,False
250388,,1074485096,250388_1074485096,170987,Salta Cautiva Cerveza Rubia,Salta,1 X 473 mL,3539,True,Cervezas,False
250388,,2482872,250388_2482872,442634,Cerveza Andes Origen Ipa 473 cc,Andes Origen,1 X 473.0 mL,2219.4,True,Cervezas,False
250388,,2114120281,250388_2114120281,156789,Schneider Cerveza Lager,Schneider,1 X 710 mL,3231.75,True,Cervezas,False
250388,,1074392811,250388_1074392811,48040,Antares Cerveza Artesanal Honey,Antares,1 X 473 mL,3240.3,True,Cervezas,False
250388,,2114263233,250388_2114263233,448096,Imperial Cerveza Roja Amber Lager Lata,Imperial,1 X 473 mL,2983.2,True,Cervezas,False
250388,,1074392822,250388_1074392822,57990,Antares Cerveza Scotch,Antares,1 X 473 mL,3233.3,True,Cervezas,False
250388,,2115232278,250388_2115232278,1018337,Stella Artois Cerveza 710 ml,,1 x 710 mL,4746,True,Cervezas,False
250388,,1074392805,250388_1074392805,16183,Kunstmann Torobayo Lata 470ml,Kunstmann,1 X 470 mL,5189,True,Cervezas,False
250388,,2469409,250388_2469409,442640,Cerveza Andes Origen Roja 473 cc,Andes Origen,1 X 473 mL,2766.75,True,Cervezas,False
250388,,2111346558,250388_2111346558,288198,Cerveza Patagonia Ipa 730 cc,Patagonia,1 X 730 mL,5511.75,True,Cervezas,False
250388,,2114630022,250388_2114630022,285422,Salta Cerveza Cautiva Roja,Salta,1 X 473 mL,3549,True,Cervezas,False
250388,,2482839,250388_2482839,228999,Cerveza Patagonia Amber Lager 473 cc,Patagonia,1 X 473 mL,3944.25,True,Cervezas,False
250388,,2482853,250388_2482853,300550,Cerveza Quilmes Stout 473 cc,Quilmes,1 X 473 mL,2043.3,True,Cervezas,False
250388,,2482873,250388_2482873,13942,Imperial Cerveza Negra Cream Stout en Lata,Imperial,1 X 473 mL,3799,True,Cervezas,False
250388,,2111346555,250388_2111346555,229428,Andes Origen Cerveza Negra en Lata,Andes Origen,1 X 473 mL,2255.4,True,Cervezas,False
250388,,2469437,250388_2469437,359073,Cerveza Stella Artois Noire 473 cc,Stella Artois,1 X 473 mL,2555.4,True,Cervezas,False
250388,,1074739728,250388_1074739728,364118,Imperial Golden Lata 710ml,Imperial,1 X 710 mL,3555.3,True,Cervezas,False
250388,,2114708567,250388_2114708567,837368,Imperial Cerveza Golden,Imperial,1 x 330 cc,2771.3,True,Cervezas,False
250388,,2114629800,250388_2114629800,631362,Salta Cerveza Session Ipa,Salta Cautiva,1 x 473 mL,3539,True,Cervezas,False
250388,,2482831,250388_2482831,193507,Warsteiner Cerveza Rubia,Warsteiner,1 X 473 mL,3959,True,Cervezas,False
250388,,2114481639,250388_2114481639,763757,Cerveza Patagonia Lager Del Sur 730 cc,Patagonia,1 X 730 mL,4487.4,True,Cervezas,False
250388,,2469371,250388_2469371,597816,Cerveza Miller,Miller,1 X 473.0 mL,2573.35,True,Cervezas,False
250388,,2469564,250388_2469564,16264,Schneider Cerveza Rubia Lager,Schneider,1 X 473.0 mL,2591.65,True,Cervezas,False
250388,,2114951104,250388_2114951104,948216,Schneider Bebida Refrescante Remix Limón,Schneider,1 x 473 mL,3079,True,Cervezas,False
250388,,2114549076,250388_2114549076,796267,Cerveza Andes Origen Oro 473 cc,Andes Origen,1 X 473 mL,2021.4,True,Cervezas,False
250388,,2482833,250388_2482833,13982,Grolsch Cerveza Pilsner,Grolsch,1 X 473 mL,4479,True,Cervezas,False
250388,,2114629797,250388_2114629797,620352,Miller Genuine Draft Cerveza,Miller,1 X 330 mL,2850.82,True,Cervezas,False
250388,,2533049,250388_2533049,362210,Imperial Cerveza Ipa,Imperial,1 X 473 mL,3023.2,True,Cervezas,False
250388,,2482874,250388_2482874,43389,Heineken Cerveza Original,Heineken,1 X 330 mL,3636.75,True,Cervezas,False
250388,,2533061,250388_2533061,156788,Imperial Apa Cerveza American Pale Ale Rubia,Imperial,1 X 473 mL,3809,True,Cervezas,False
250388,,2114825038,250388_2114825038,626232,Stella Artois Cerveza 0%,Stella Artois 0,1 X 330 mL,1874.95,True,Cervezas,False
250388,,2114629949,250388_2114629949,532515,Grolsch Cerveza Ipa,Grolsch,1 X 473 mL,3569.25,True,Cervezas,False
250388,,2115195685,250388_2115195685,1008864,Antares Cerveza Lager Porron,Antares,1 x 330 mL,2652.3,True,Cervezas,False
255978,,2114631084,255978_2114631084,753489,Blue Moon Cerveza Belgian White,Blue Moon,1 x 355 cc,3744.3,True,Cervezas,False
255978,,2469372,255978_2469372,428367,Heineken Cerveza Rubia,Heineken,1 X 473 mL,3407.2,True,Cervezas,False
255978,,2539095,255978_2539095,188850,Corona Cerveza Rubia,Corona,1 X 710 mL,5808.75,True,Cervezas,False
255978,,2482872,255978_2482872,442634,Cerveza Andes Origen Ipa 473 cc,Andes Origen,1 X 473.0 mL,2774.25,True,Cervezas,False
255978,,2469339,255978_2469339,262474,Cerveza Andes Origen Rubia 473 cc,Andes Origen,1 X 473 mL,2616.75,True,Cervezas,False
255978,,2111346548,255978_2111346548,85169,1890 Cerveza Rubia,1890,1 X 473 mL,2013.65,True,Cervezas,False
255978,,2482871,255978_2482871,162208,Corona Cerveza Tipo Lager 330 ml,Corona,1 X 330.0 mL,3636.75,True,Cervezas,False
255978,,2114120281,255978_2114120281,156789,Schneider Cerveza Lager,Schneider,1 X 710 mL,2946.75,True,Cervezas,False
255978,,2482874,255978_2482874,43389,Heineken Cerveza Original,Heineken,1 X 330 mL,3389.25,True,Cervezas,False
255978,,2114084425,255978_2114084425,612401,Michelob Cerveza Light Ultra,Michelob Ultra,1 X 473 mL,2639.2,True,Cervezas,False
255978,,2482855,255978_2482855,288202,Cerveza Brahma Chopp 473 cc,Brahma,1 X 473.0 mL,2181.75,True,Cervezas,False
255978,,2114318537,255978_2114318537,681636,Corona Cerveza Cero,Corona 0,1 X 330 mL,2568.3,True,Cervezas,False
255978,,2482879,255978_2482879,606296,Amstel Cerveza Lager Pura Malta ,Amstel,1 X 473 mL,2287.2,True,Cervezas,False
255978,,1074483987,255978_1074483987,96872,Heineken Cerveza Rubia en Lata,Heineken,1 X 710.0 mL,4641.75,True,Cervezas,False
255978,,2469420,255978_2469420,63327,Stella Artois Cerveza Rubia,Stella Artois,1 X 473 mL,3216.75,True,Cervezas,False
255978,,2469389,255978_2469389,156749,Cerveza Quilmes Clásica 473 cc,Quilmes,1 X 473 mL,2009.25,True,Cervezas,False
255978,,2113858946,255978_2113858946,532010,Cerveza Budweiser 710 cc,Budweiser,1 X 710 mL,2859.35,True,Cervezas,False
255978,,2469409,255978_2469409,442640,Cerveza Andes Origen Roja 473 cc,Andes Origen,1 X 473 mL,2213.4,True,Cervezas,False
255978,,2114019305,255978_2114019305,626222,Blue Moon Belgian White Lata 473 ml,Blue Moon,1 x 473 mL,3380.3,True,Cervezas,False
255978,,2111346558,255978_2111346558,288198,Cerveza Patagonia Ipa 730 cc,Patagonia,1 X 730 mL,4409.4,True,Cervezas,False
255978,,2482839,255978_2482839,228999,Cerveza Patagonia Amber Lager 473 cc,Patagonia,1 X 473 mL,3149.4,True,Cervezas,False
255978,,2482851,255978_2482851,628296,Cerveza Patagonia Amber Lager 730 cc,Patagonia,1 X 730 mL,4463.4,True,Cervezas,False
255978,,1074392811,255978_1074392811,48040,Antares Cerveza Artesanal Honey,Antares,1 X 473 mL,3401.3,True,Cervezas,False
255978,,1074392805,255978_1074392805,16183,Kunstmann Torobayo Lata 470ml,Kunstmann,1 X 470 mL,4739,True,Cervezas,False
255978,,2114263233,255978_2114263233,448096,Imperial Cerveza Roja Amber Lager Lata,Imperial,1 X 473 mL,2719.2,True,Cervezas,False
255978,,2114630022,255978_2114630022,285422,Salta Cerveza Cautiva Roja,Salta,1 X 473 mL,3299,True,Cervezas,False
255978,,1074392822,255978_1074392822,57990,Antares Cerveza Scotch,Antares,1 X 473 mL,3373.3,True,Cervezas,False
255978,,2482853,255978_2482853,300550,Cerveza Quilmes Stout 473 cc,Quilmes,1 X 473 mL,1945.3,True,Cervezas,False
255978,,2482873,255978_2482873,13942,Imperial Cerveza Negra Cream Stout en Lata,Imperial,1 X 473 mL,3479,True,Cervezas,False
255978,,2469437,255978_2469437,359073,Cerveza Stella Artois Noire 473 cc,Stella Artois,1 X 473 mL,2555.4,True,Cervezas,False
255978,,2111346555,255978_2111346555,229428,Andes Origen Cerveza Negra en Lata,Andes Origen,1 X 473 mL,2255.4,True,Cervezas,False
255978,,2114629803,255978_2114629803,629042,Stella Artois Cerveza,Stella Artois,1 x 330 mL,2597.4,True,Cervezas,False
255978,,2114951104,255978_2114951104,948216,Schneider Bebida Refrescante Remix Limón,Schneider,1 x 473 mL,2809,True,Cervezas,False
255978,,2114914425,255978_2114914425,930894,Cerveza Quilmes Bajo Cero,,473 mL,1719,True,Cervezas,False
255978,,2469353,255978_2469353,354811,Cerveza Patagonia 24.7 473 cc,Patagonia,1 X 473 mL,3185.4,True,Cervezas,False
255978,,2114083629,255978_2114083629,57613,Cerveza Patagonia Vera Ipa 473 cc,Patagonia,1 X 473 mL,2569.5,True,Cervezas,False
255978,,2114833020,255978_2114833020,871704,Heineken Cerveza Sin Alcohol,Heineken,1 x 473 mL,2855.2,True,Cervezas,False
255978,,2114083630,255978_2114083630,583007,Cerveza Andes Origen Rubia 710 cc,Andes,1 X 710 mL,3216.85,True,Cervezas,False
255978,,2533049,255978_2533049,362210,Imperial Cerveza Ipa,Imperial,1 X 473 mL,2855.2,True,Cervezas,False
255978,,2469547,255978_2469547,37640,Cerveza Budweiser 473 cc,Budweiser,1 X 473 mL,2335.2,True,Cervezas,False
255978,,1074485103,255978_1074485103,32074,Imperial Cerveza Lager Dorada Lata 710ml,Imperial,1 X 710 mL,3254.3,True,Cervezas,False
255978,,2469371,255978_2469371,597816,Cerveza Miller,Miller,1 X 473.0 mL,2391.35,True,Cervezas,False
255978,,2114084426,255978_2114084426,595866,Stella Artois Cerveza Premium Lager,Stella Artois,1 x 710 mL,3809.4,True,Cervezas,False
255978,,2115151512,255978_2115151512,53387,Estrella Damm Cerveza,Estrella Damm,1 X 500 mL,2719,True,Cervezas,False
255978,,2114887563,255978_2114887563,830900,Cerveza Brahma 710 mL,Brahma,710 mL,2960.3,True,Cervezas,False
255978,,2114318535,255978_2114318535,681638,Corona Cerveza,Corona,1 X 473 mL,2975.4,True,Cervezas,False
255978,,2469589,255978_2469589,196655,Imperial Cerveza Extra Lager,Imperial,1 X 473 mL,2591.2,True,Cervezas,False
255978,,2114084532,255978_2114084532,604026,Cerveza Stella Artois 0% 473 cc,Stella Artois 0,1 x 473 mL,2714.25,True,Cervezas,False
255978,,1074518352,255978_1074518352,673325,Antares Cerveza Ipa,Antares,1 x 473 mL,3443.3,True,Cervezas,False
255978,,2114708567,255978_2114708567,837368,Imperial Cerveza Golden,Imperial,1 x 330 cc,2526.3,True,Cervezas,False
255978,,2114434307,255978_2114434307,688392,Antares Cerveza Lager,Antares,1 x 473 mL,2778.3,True,Cervezas,False
255978,,2114481637,255978_2114481637,763756,Cerveza Patagonia Lager Del Sur 473 cc,Patagonia,1 X 473 mL,3257.4,True,Cervezas,False
255978,,2114869743,255978_2114869743,892720,Imperial Cerveza Sin Alcohol Golden,,1 x 473 cc,1559.35,True,Cervezas,False
255978,,2114629797,255978_2114629797,620352,Miller Genuine Draft Cerveza,Miller,1 X 330 mL,2598.65,True,Cervezas,False
255978,,2115002412,255978_2115002412,967817,Corona Cerveza 0.0,,473 mL,2526.3,True,Cervezas,False
255978,,2533061,255978_2533061,156788,Imperial Apa Cerveza American Pale Ale Rubia,Imperial,1 X 473 mL,3479,True,Cervezas,False
255978,,2114967292,255978_2114967292,234919,Peroni Cerveza,Peroni,1 X 330 mL,4101.75,True,Cervezas,False
255978,,2533062,255978_2533062,156784,Imperial Cerveza Ligera Golden,Imperial,1 X 473 mL,2639.2,True,Cervezas,False
255978,,2114564915,255978_2114564915,128218,Starberg Cerveza Lager,Sol,1 X 500 mL,1934.25,True,Cervezas,False
255978,,2114825038,255978_2114825038,626232,Stella Artois Cerveza 0%,Stella Artois 0,1 X 330 mL,2470.3,True,Cervezas,False
255978,,1074392833,255978_1074392833,81936,Antares Kolsch Cerveza ,Antares,1 X 473 mL,3352.3,True,Cervezas,False
255978,,2114263234,255978_2114263234,354442,Miller Cerveza Genuine Draft en Lata,Miller,1 X 710 mL,3476.85,True,Cervezas,False
255978,,2115129133,255978_2115129133,998321,Ipa Cerveza Antares Especiales Sin Alcohol,,1 x 473 mL,4465.3,True,Cervezas,False
255978,,2114833047,255978_2114833047,41331,Santa Fe Cerveza Rubia,Blonde,1 X 473 mL,2699,True,Cervezas,False
255978,,2114970867,255978_2114970867,955344,Asahi Cerveza Dry,,1 x 330 cc,4251.75,True,Cervezas,False
255978,,2114629949,255978_2114629949,532515,Grolsch Cerveza Ipa,Grolsch,1 X 473 mL,3254.25,True,Cervezas,False
255978,,2114481639,255978_2114481639,763757,Cerveza Patagonia Lager Del Sur 730 cc,Patagonia,1 X 730 mL,4493.4,True,Cervezas,False
255978,,2482831,255978_2482831,193507,Warsteiner Cerveza Rubia,Warsteiner,1 X 473 mL,3609,True,Cervezas,False
255978,,2482833,255978_2482833,13982,Grolsch Cerveza Pilsner,Grolsch,1 X 473 mL,4089,True,Cervezas,False
255978,,1074485096,255978_1074485096,170987,Salta Cautiva Cerveza Rubia,Salta,1 X 473 mL,3239,True,Cervezas,False
255978,,1074739728,255978_1074739728,364118,Imperial Golden Lata 710ml,Imperial,1 X 710 mL,3247.3,True,Cervezas,False
255978,,1074392819,255978_1074392819,91592,Cerveza Kunstmann Session Ipa 470ml,Kunstmann,1 X 470 mL,4729,True,Cervezas,False
255978,,2528354,255978_2528354,271499,Cerveza Quilmes 0% 473 cc,Quilmes 0,1 X 473 mL,1567.3,True,Cervezas,False
262497,,1074392807,262497_1074392807,2621,Rabieta Cerveza Red Honey,Rabieta,1 X 473 mL,3297.15,True,Cervezas,False
262497,,2115151512,262497_2115151512,53387,Estrella Damm Cerveza,Estrella Damm,1 X 500 mL,2719,True,Cervezas,False
262497,,2482872,262497_2482872,442634,Cerveza Andes Origen Ipa 473 cc,Andes Origen,1 X 473.0 mL,2219.4,True,Cervezas,False
262497,,1074392819,262497_1074392819,91592,Cerveza Kunstmann Session Ipa 470ml,Kunstmann,1 X 470 mL,4729,True,Cervezas,False
262497,,2115034643,262497_2115034643,981051,Michelob Ultra Cerveza,Michelob Ultra,1 x 275 mL,2072.85,True,Cervezas,False
262497,,2114019305,262497_2114019305,626222,Blue Moon Belgian White Lata 473 ml,Blue Moon,1 x 473 mL,3380.3,True,Cervezas,False
262497,,2114549076,262497_2114549076,796267,Cerveza Andes Origen Oro 473 cc,Andes Origen,1 X 473 mL,2631.75,True,Cervezas,True
262497,,2114951104,262497_2114951104,948216,Schneider Bebida Refrescante Remix Limón,Schneider,1 x 473 mL,2809,True,Cervezas,False
262497,,2115096846,262497_2115096846,993849,Estrella Galicia Cerveza sin Gluten Lata 330ml,Estrella Galicia,1 x 330 mL,3399,True,Cervezas,False
262497,,1074392820,262497_1074392820,74252,Pampa Cerveza Dorada Lata 473 ml,Pampa,1 X 473.0 mL,2383.2,True,Cervezas,False
262497,,2115002412,262497_2115002412,967817,Corona Cerveza 0.0,,473 mL,1984.95,True,Cervezas,False
262497,,2115129133,262497_2115129133,998321,Ipa Cerveza Antares Especiales Sin Alcohol,,1 x 473 mL,2820.3,True,Cervezas,False
262497,,2114629797,262497_2114629797,620352,Miller Genuine Draft Cerveza,Miller,1 X 330 mL,2599.35,True,Cervezas,False
262497,,2114914425,262497_2114914425,930894,Cerveza Quilmes Bajo Cero,,473 mL,1239,True,Cervezas,True
262497,,2114897271,262497_2114897271,25531,Bitburger Cerveza,Bitburger,1 X 330 mL,5249,True,Cervezas,False
262497,,2114564915,262497_2114564915,128218,Starberg Cerveza Lager,Sol,1 X 500 mL,1934.25,True,Cervezas,False
262497,,2114566586,262497_2114566586,720312,Konig Cerveza Lata,Pilsener Konign,1 x 500 mL,5129,True,Cervezas,False
262497,,2114263233,262497_2114263233,448096,Imperial Cerveza Roja Amber Lager Lata,Imperial,1 X 473 mL,2719.2,True,Cervezas,False
262497,,2111346558,262497_2111346558,288198,Cerveza Patagonia Ipa 730 cc,Patagonia,1 X 730 mL,4409.4,True,Cervezas,False
262497,,2469437,262497_2469437,359073,Cerveza Stella Artois Noire 473 cc,Stella Artois,1 X 473 mL,2555.4,True,Cervezas,False
262497,,2469409,262497_2469409,442640,Cerveza Andes Origen Roja 473 cc,Andes Origen,1 X 473 mL,2213.4,True,Cervezas,False
262497,,2482871,262497_2482871,162208,Corona Cerveza Tipo Lager 330 ml,Corona,1 X 330.0 mL,2909.4,True,Cervezas,False
262497,,1074392805,262497_1074392805,16183,Kunstmann Torobayo Lata 470ml,Kunstmann,1 X 470 mL,4739,True,Cervezas,False
262497,,1074392831,262497_1074392831,14038,Pampa Brewing Amber Ale Lata 473ml,Pampa,1 X 473 mL,2549.15,True,Cervezas,False
262497,,2114630022,262497_2114630022,285422,Salta Cerveza Cautiva Roja,Salta,1 X 473 mL,3239,True,Cervezas,False
262497,,1074392822,262497_1074392822,57990,Antares Cerveza Scotch,Antares,1 X 473 mL,3317.3,True,Cervezas,False
262497,,2482851,262497_2482851,628296,Cerveza Patagonia Amber Lager 730 cc,Patagonia,1 X 730 mL,4439.4,True,Cervezas,True
262497,,1074392811,262497_1074392811,48040,Antares Cerveza Artesanal Honey,Antares,1 X 473 mL,3359.3,True,Cervezas,False
262497,,1074392815,262497_1074392815,86175,Rabieta Cerveza Irish Red Ale,Rabieta,1 X 473 mL,3322.65,True,Cervezas,False
262497,,2482839,262497_2482839,228999,Cerveza Patagonia Amber Lager 473 cc,Patagonia,1 X 473 mL,3149.4,True,Cervezas,False
262497,,1074804154,262497_1074804154,299187,Guinness Cerveza Extra Stout,Guinnes,1 X 473 mL,3671.15,True,Cervezas,False
262497,,2482853,262497_2482853,300550,Cerveza Quilmes Stout 473 cc,Quilmes,1 X 473 mL,1945.3,True,Cervezas,False
262497,,2114318535,262497_2114318535,681638,Corona Cerveza,Corona,1 X 473 mL,2987.4,True,Cervezas,False
262497,,2111346555,262497_2111346555,229428,Andes Origen Cerveza Negra en Lata,Andes Origen,1 X 473 mL,2225.4,True,Cervezas,False
262497,,2482873,262497_2482873,13942,Imperial Cerveza Negra Cream Stout en Lata,Imperial,1 X 473 mL,3439,True,Cervezas,False
262497,,2114869440,262497_2114869440,299182,Pampa Brewing Nitro Cream Stout 473ml,Pampa,1 X 473 mL,2778.65,True,Cervezas,False
262497,,2114833047,262497_2114833047,41331,Santa Fe Cerveza Rubia,Blonde,1 X 473 mL,2699,True,Cervezas,False
262497,,1074392810,262497_1074392810,186129,Pampa Brewing Cerveza Honey Lata 473 ml,Pampa,1 X 473 mL,2506.65,True,Cervezas,False
262497,,2115220400,262497_2115220400,533969,Heineken Cerveza 0.0 Lata 330ml,Heineken,1 X 330 mL,3519,True,Cervezas,True
262497,,2469420,262497_2469420,63327,Stella Artois Cerveza Rubia,Stella Artois,1 X 473 mL,2573.4,True,Cervezas,False
262497,,1074392829,262497_1074392829,94687,Rabieta Cerveza Golden Ale,Rabieta,1 X 473 mL,3143.2,True,Cervezas,False
262497,,2114631084,262497_2114631084,753489,Blue Moon Cerveza Belgian White,Blue Moon,1 x 355 cc,3758.3,True,Cervezas,False
262497,,2469564,262497_2469564,16264,Schneider Cerveza Rubia Lager,Schneider,1 X 473.0 mL,2362.15,True,Cervezas,False
262497,,1074485096,262497_1074485096,170987,Salta Cautiva Cerveza Rubia,Salta,1 X 473 mL,3239,True,Cervezas,True
262497,,2482855,262497_2482855,288202,Cerveza Brahma Chopp 473 cc,Brahma,1 X 473.0 mL,1890.85,True,Cervezas,False
262497,,1074518352,262497_1074518352,673325,Antares Cerveza Ipa,Antares,1 x 473 mL,3254.3,True,Cervezas,False
262497,,2469547,262497_2469547,37640,Cerveza Budweiser 473 cc,Budweiser,1 X 473 mL,1994.85,True,Cervezas,False
262497,,2115096845,262497_2115096845,993848,Cerveza Pampa Lager Lata 473ml,Pampa,1 x 473 mL,1203.6,True,Cervezas,False
262497,,2469371,262497_2469371,597816,Cerveza Miller,Miller,1 X 473.0 mL,2345.85,True,Cervezas,False
262497,,2114084426,262497_2114084426,595866,Stella Artois Cerveza Premium Lager,Stella Artois,1 x 710 mL,3827.4,True,Cervezas,False
262497,,2114629803,262497_2114629803,629042,Stella Artois Cerveza,Stella Artois,1 x 330 mL,2597.4,True,Cervezas,False
262497,,2112599376,262497_2112599376,186987,Rabieta Cerveza Helles Munich,Rabieta,1 X 473 mL,1527.6,True,Cervezas,False
262497,,2114887563,262497_2114887563,830900,Cerveza Brahma 710 mL,Brahma,710 mL,2953.3,True,Cervezas,False
262497,,2114871768,262497_2114871768,916751,Cerveza Guinness Hop House,,473 mL,3119.2,True,Cervezas,False
262497,,2114833020,262497_2114833020,871704,Heineken Cerveza Sin Alcohol,Heineken,1 x 473 mL,2775.2,True,Cervezas,False
262497,,2469589,262497_2469589,196655,Imperial Cerveza Extra Lager,Imperial,1 X 473 mL,2583.2,True,Cervezas,False
262497,,2114084532,262497_2114084532,604026,Cerveza Stella Artois 0% 473 cc,Stella Artois 0,1 x 473 mL,2171.4,True,Cervezas,False
262497,,1074392823,262497_1074392823,90470,Pampa Brewing Cerveza IPA Lata 473 ml,Pampa,1 X 473 mL,2795.65,True,Cervezas,False
262497,,2114708567,262497_2114708567,837368,Imperial Cerveza Golden,Imperial,1 x 330 cc,2533.3,True,Cervezas,False
262497,,2114434307,262497_2114434307,688392,Antares Cerveza Lager,Antares,1 x 473 mL,2792.3,True,Cervezas,False
262497,,2114481637,262497_2114481637,763756,Cerveza Patagonia Lager Del Sur 473 cc,Patagonia,1 X 473 mL,3305.4,True,Cervezas,False
262497,,2114869743,262497_2114869743,892720,Imperial Cerveza Sin Alcohol Golden,,1 x 473 cc,1559.35,True,Cervezas,False
262497,,2533049,262497_2533049,362210,Imperial Cerveza Ipa,Imperial,1 X 473 mL,2815.2,True,Cervezas,False
262497,,2482874,262497_2482874,43389,Heineken Cerveza Original,Heineken,1 X 330 mL,3344.25,True,Cervezas,False
262497,,2533061,262497_2533061,156788,Imperial Apa Cerveza American Pale Ale Rubia,Imperial,1 X 473 mL,3509,True,Cervezas,False
262497,,2114967292,262497_2114967292,234919,Peroni Cerveza,Peroni,1 X 330 mL,4109.25,True,Cervezas,False
262497,,2533062,262497_2533062,156784,Imperial Cerveza Ligera Golden,Imperial,1 X 473 mL,2591.2,True,Cervezas,False
262497,,2114825038,262497_2114825038,626232,Stella Artois Cerveza 0%,Stella Artois 0,1 X 330 mL,1869.45,True,Cervezas,False
262497,,1074392833,262497_1074392833,81936,Antares Kolsch Cerveza ,Antares,1 X 473 mL,3310.3,True,Cervezas,False
262497,,2114970867,262497_2114970867,955344,Asahi Cerveza Dry,,1 x 330 cc,4289.25,True,Cervezas,False
262497,,2114629949,262497_2114629949,532515,Grolsch Cerveza Ipa,Grolsch,1 X 473 mL,3269.25,True,Cervezas,False
262497,,2114481639,262497_2114481639,763757,Cerveza Patagonia Lager Del Sur 730 cc,Patagonia,1 X 730 mL,4487.4,True,Cervezas,False
262497,,2482831,262497_2482831,193507,Warsteiner Cerveza Rubia,Warsteiner,1 X 473 mL,3619,True,Cervezas,False
262497,,2482833,262497_2482833,13982,Grolsch Cerveza Pilsner,Grolsch,1 X 473 mL,4089,True,Cervezas,False
262497,,2114579895,262497_2114579895,28703,Bitburger Cerveza,Bitburger,1 X 500 mL,6189,True,Cervezas,False
262497,,2115221134,262497_2115221134,1014217,Warsteiner Cerveza 330 ml,,1 x 330 mL,3509,True,Cervezas,False
262497,,2115195685,262497_2115195685,1008864,Antares Cerveza Lager Porron,Antares,1 x 330 mL,2652.3,True,Cervezas,False
266848,,2482872,266848_2482872,442634,Cerveza Andes Origen Ipa 473 cc,Andes Origen,1 X 473.0 mL,2357.4,True,Cervezas,False
266848,,2469372,266848_2469372,428367,Heineken Cerveza Rubia,Heineken,1 X 473 mL,3695.2,True,Cervezas,False
266848,,2469339,266848_2469339,262474,Cerveza Andes Origen Rubia 473 cc,Andes Origen,1 X 473 mL,2249.4,True,Cervezas,True
266848,,2539095,266848_2539095,188850,Corona Cerveza Rubia,Corona,1 X 710 mL,4647,True,Cervezas,True
266848,,2111346548,266848_2111346548,85169,1890 Cerveza Rubia,1890,1 X 473 mL,2115.65,True,Cervezas,False
266848,,2115096845,266848_2115096845,993848,Cerveza Pampa Lager Lata 473ml,Pampa,1 x 473 mL,3009,True,Cervezas,False
266848,,2469547,266848_2469547,37640,Cerveza Budweiser 473 cc,Budweiser,1 X 473 mL,2118.35,True,Cervezas,False
266848,,2482871,266848_2482871,162208,Corona Cerveza Tipo Lager 330 ml,Corona,1 X 330.0 mL,3089.4,True,Cervezas,False
266848,,1074804154,266848_1074804154,299187,Guinness Cerveza Extra Stout,Guinnes,1 X 473 mL,3985.65,True,Cervezas,False
266848,,1074483987,266848_1074483987,96872,Heineken Cerveza Rubia en Lata,Heineken,1 X 710.0 mL,5166.75,True,Cervezas,False
266848,,2114629797,266848_2114629797,620352,Miller Genuine Draft Cerveza,Miller,1 X 330 mL,2865.85,True,Cervezas,False
266848,,2114084425,266848_2114084425,612401,Michelob Cerveza Light Ultra,Michelob Ultra,1 X 473 mL,2248.35,True,Cervezas,False
266848,,2114120281,266848_2114120281,156789,Schneider Cerveza Lager,Schneider,1 X 710 mL,3239.25,True,Cervezas,False
266848,,2482855,266848_2482855,288202,Cerveza Brahma Chopp 473 cc,Brahma,1 X 473.0 mL,2007.85,True,Cervezas,False
266848,,2114318537,266848_2114318537,681636,Corona Cerveza Cero,Corona 0,1 X 330 mL,2138.95,True,Cervezas,False
266848,,2469420,266848_2469420,63327,Stella Artois Cerveza Rubia,Stella Artois,1 X 473 mL,2723.4,True,Cervezas,False
266848,,2469409,266848_2469409,442640,Cerveza Andes Origen Roja 473 cc,Andes Origen,1 X 473 mL,2351.4,True,Cervezas,False
266848,,2482839,266848_2482839,228999,Cerveza Patagonia Amber Lager 473 cc,Patagonia,1 X 473 mL,3341.4,True,Cervezas,False
266848,,1074392811,266848_1074392811,48040,Antares Cerveza Artesanal Honey,Antares,1 X 473 mL,3261.3,True,Cervezas,False
266848,,2111346558,266848_2111346558,288198,Cerveza Patagonia Ipa 730 cc,Patagonia,1 X 730 mL,4685.4,True,Cervezas,False
266848,,1074392822,266848_1074392822,57990,Antares Cerveza Scotch,Antares,1 X 473 mL,3219.3,True,Cervezas,False
266848,,2482851,266848_2482851,628296,Cerveza Patagonia Amber Lager 730 cc,Patagonia,1 X 730 mL,4721.4,True,Cervezas,False
266848,,2114630022,266848_2114630022,285422,Salta Cerveza Cautiva Roja,Salta,1 X 473 mL,3549,True,Cervezas,False
266848,,1074392807,266848_1074392807,2621,Rabieta Cerveza Red Honey,Rabieta,1 X 473 mL,3909,True,Cervezas,False
266848,,2114263233,266848_2114263233,448096,Imperial Cerveza Roja Amber Lager Lata,Imperial,1 X 473 mL,3007.2,True,Cervezas,False
266848,,1074392831,266848_1074392831,14038,Pampa Brewing Amber Ale Lata 473ml,Pampa,1 X 473 mL,2557.65,True,Cervezas,False
266848,,2482853,266848_2482853,300550,Cerveza Quilmes Stout 473 cc,Quilmes,1 X 473 mL,2367.2,True,Cervezas,False
266848,,2469437,266848_2469437,359073,Cerveza Stella Artois Noire 473 cc,Stella Artois,1 X 473 mL,3396.75,True,Cervezas,False
266848,,2482873,266848_2482873,13942,Imperial Cerveza Negra Cream Stout en Lata,Imperial,1 X 473 mL,3779,True,Cervezas,False
266848,,2111346555,266848_2111346555,229428,Andes Origen Cerveza Negra en Lata,Andes Origen,1 X 473 mL,2946.75,True,Cervezas,False
266848,,2114869440,266848_2114869440,299182,Pampa Brewing Nitro Cream Stout 473ml,Pampa,1 X 473 mL,2957.15,True,Cervezas,False
266848,,2114083630,266848_2114083630,583007,Cerveza Andes Origen Rubia 710 cc,Andes,1 X 710 mL,3161.4,True,Cervezas,False
266848,,2113858946,266848_2113858946,532010,Cerveza Budweiser 710 cc,Budweiser,1 X 710 mL,3041.35,True,Cervezas,False
266848,,2469389,266848_2469389,156749,Cerveza Quilmes Clásica 473 cc,Quilmes,1 X 473 mL,1851.85,True,Cervezas,False
266848,,2114914425,266848_2114914425,930894,Cerveza Quilmes Bajo Cero,,473 mL,1829,True,Cervezas,False
266848,,2469564,266848_2469564,16264,Schneider Cerveza Rubia Lager,Schneider,1 X 473.0 mL,2617.15,True,Cervezas,False
266848,,2114549144,266848_2114549144,794526,Cerveza Quilmes Clásica 710 cc,Quilmes,1 X 710 mL,2897.3,True,Cervezas,False
266848,,2469371,266848_2469371,597816,Cerveza Miller,Miller,1 X 473.0 mL,2586.35,True,Cervezas,False
266848,,2469353,266848_2469353,354811,Cerveza Patagonia 24.7 473 cc,Patagonia,1 X 473 mL,3377.4,True,Cervezas,False
266848,,2114564915,266848_2114564915,128218,Starberg Cerveza Lager,Sol,1 X 500 mL,1934.25,True,Cervezas,False
266848,,1074392827,266848_1074392827,29240,Rabieta Cerveza American Ipa,Rabieta,1 X 473 mL,4309,True,Cervezas,False
266848,,1074485103,266848_1074485103,32074,Imperial Cerveza Lager Dorada Lata 710ml,Imperial,1 X 710 mL,3590.3,True,Cervezas,False
266848,,2114084426,266848_2114084426,595866,Stella Artois Cerveza Premium Lager,Stella Artois,1 x 710 mL,4055.4,True,Cervezas,False
266848,,1074392820,266848_1074392820,74252,Pampa Cerveza Dorada Lata 473 ml,Pampa,1 X 473.0 mL,2407.2,True,Cervezas,False
266848,,2114951104,266848_2114951104,948216,Schneider Bebida Refrescante Remix Limón,Schneider,1 x 473 mL,3079,True,Cervezas,False
266848,,2114629803,266848_2114629803,629042,Stella Artois Cerveza,Stella Artois,1 x 330 mL,2759.4,True,Cervezas,False
266848,,2112599376,266848_2112599376,186987,Rabieta Cerveza Helles Munich,Rabieta,1 X 473 mL,3909,True,Cervezas,False
266848,,2114887563,266848_2114887563,830900,Cerveza Brahma 710 mL,Brahma,710 mL,3135.3,True,Cervezas,False
266848,,2114871768,266848_2114871768,916751,Cerveza Guinness Hop House,,473 mL,3127.2,True,Cervezas,False
266848,,2114318535,266848_2114318535,681638,Corona Cerveza,Corona,1 X 473 mL,3179.4,True,Cervezas,False
266848,,2114833020,266848_2114833020,871704,Heineken Cerveza Sin Alcohol,Heineken,1 x 473 mL,3071.2,True,Cervezas,False
266848,,2114262372,266848_2114262372,581510,Amstel Cerveza Lager,Amstel,1 X 710.0 mL,3128.3,True,Cervezas,False
266848,,2115096846,266848_2115096846,993849,Estrella Galicia Cerveza sin Gluten Lata 330ml,Estrella Galicia,1 x 330 mL,3409,True,Cervezas,False
266848,,1074392823,266848_1074392823,90470,Pampa Brewing Cerveza IPA Lata 473 ml,Pampa,1 X 473 mL,3309,True,Cervezas,False
266848,,1074392829,266848_1074392829,94687,Rabieta Cerveza Golden Ale,Rabieta,1 X 473 mL,3127.2,True,Cervezas,False
266848,,1074518352,266848_1074518352,673325,Antares Cerveza Ipa,Antares,1 x 473 mL,3163.3,True,Cervezas,False
266848,,2114708567,266848_2114708567,837368,Imperial Cerveza Golden,Imperial,1 x 330 cc,2778.3,True,Cervezas,False
266848,,2114434307,266848_2114434307,688392,Antares Cerveza Lager,Antares,1 x 473 mL,2694.3,True,Cervezas,False
266848,,2114481637,266848_2114481637,763756,Cerveza Patagonia Lager Del Sur 473 cc,Patagonia,1 X 473 mL,3515.4,True,Cervezas,False
266848,,2114869743,266848_2114869743,892720,Imperial Cerveza Sin Alcohol Golden,,1 x 473 cc,1715.35,True,Cervezas,False
266848,,2115002412,266848_2115002412,967817,Corona Cerveza 0.0,,473 mL,1984.95,True,Cervezas,False
266848,,2533049,266848_2533049,362210,Imperial Cerveza Ipa,Imperial,1 X 473 mL,3063.2,True,Cervezas,False
266848,,2533061,266848_2533061,156788,Imperial Apa Cerveza American Pale Ale Rubia,Imperial,1 X 473 mL,3849,True,Cervezas,False
266848,,2114967292,266848_2114967292,234919,Peroni Cerveza,Peroni,1 X 330 mL,3794.25,True,Cervezas,False
266848,,1074392833,266848_1074392833,81936,Antares Kolsch Cerveza ,Antares,1 X 473 mL,3212.3,True,Cervezas,False
266848,,2114263234,266848_2114263234,354442,Miller Cerveza Genuine Draft en Lata,Miller,1 X 710 mL,3814.85,True,Cervezas,False
266848,,2114970867,266848_2114970867,955344,Asahi Cerveza Dry,,1 x 330 cc,4559.25,True,Cervezas,False
266848,,2114629949,266848_2114629949,532515,Grolsch Cerveza Ipa,Grolsch,1 X 473 mL,3591.75,True,Cervezas,False
266848,,2114897271,266848_2114897271,25531,Bitburger Cerveza,Bitburger,1 X 330 mL,5099,True,Cervezas,False
266848,,2114481639,266848_2114481639,763757,Cerveza Patagonia Lager Del Sur 730 cc,Patagonia,1 X 730 mL,4769.4,True,Cervezas,False
266848,,2482831,266848_2482831,193507,Warsteiner Cerveza Rubia,Warsteiner,1 X 473 mL,3969,True,Cervezas,False
266848,,2482833,266848_2482833,13982,Grolsch Cerveza Pilsner,Grolsch,1 X 473 mL,4489,True,Cervezas,False
266848,,1074485096,266848_1074485096,170987,Salta Cautiva Cerveza Rubia,Salta,1 X 473 mL,3549,True,Cervezas,False
266848,,2114019305,266848_2114019305,626222,Blue Moon Belgian White Lata 473 ml,Blue Moon,1 x 473 mL,3709.3,True,Cervezas,False
266848,,2114566586,266848_2114566586,720312,Konig Cerveza Lata,Pilsener Konign,1 x 500 mL,5129,True,Cervezas,False
266848,,2114926558,266848_2114926558,953712,Cerveza Lager Estrella Del Sur Lata,,500 mL,1459,True,Cervezas,False
266848,,2115220400,266848_2115220400,533969,Heineken Cerveza 0.0 Lata 330ml,Heineken,1 X 330 mL,3739,True,Cervezas,False
266848,,2114579895,266848_2114579895,28703,Bitburger Cerveza,Bitburger,1 X 500 mL,6009,True,Cervezas,False
266848,,2114629800,266848_2114629800,631362,Salta Cerveza Session Ipa,Salta Cautiva,1 x 473 mL,3549,True,Cervezas,False
266848,,2115299986,266848_2115299986,1049258,Stones Cerveza Lemon,,1 x 473 mL,1,True,Cervezas,False
266848,,2115299987,266848_2115299987,1049259,Stones Cerveza Maracuyá,,1 x 473 mL,1,True,Cervezas,False
266848,,2528354,266848_2528354,271499,Cerveza Quilmes 0% 473 cc,Quilmes 0,1 X 473 mL,1308.45,True,Cervezas,False
266848,,2115096847,266848_2115096847,993850,Estrella Galicia Cerveza 0.0 Tostada Lata 330ml,Estrella Galicia,1 x 330 mL,3409,True,Cervezas,False
266872,,2114833047,266872_2114833047,41331,Santa Fe Cerveza Rubia,Blonde,1 X 473 mL,2869,True,Cervezas,False
266872,,2115002412,266872_2115002412,967817,Corona Cerveza 0.0,,473 mL,1984.95,True,Cervezas,False
266872,,2115220400,266872_2115220400,533969,Heineken Cerveza 0.0 Lata 330ml,Heineken,1 X 330 mL,3739,True,Cervezas,False
266872,,2115129133,266872_2115129133,998321,Ipa Cerveza Antares Especiales Sin Alcohol,,1 x 473 mL,4745.3,True,Cervezas,False
266872,,2114566586,266872_2114566586,720312,Konig Cerveza Lata,Pilsener Konign,1 x 500 mL,5129,True,Cervezas,False
266872,,2469547,266872_2469547,37640,Cerveza Budweiser 473 cc,Budweiser,1 X 473 mL,2137.85,True,Cervezas,False
266872,,2114564915,266872_2114564915,128218,Starberg Cerveza Lager,Sol,1 X 500 mL,2211.75,True,Cervezas,False
266872,,2114629800,266872_2114629800,631362,Salta Cerveza Session Ipa,Salta Cautiva,1 x 473 mL,3439,True,Cervezas,False
266872,,1074804154,266872_1074804154,299187,Guinness Cerveza Extra Stout,Guinnes,1 X 473 mL,4011.15,True,Cervezas,False
266872,,1074392819,266872_1074392819,91592,Cerveza Kunstmann Session Ipa 470ml,Kunstmann,1 X 470 mL,5019,True,Cervezas,False
266872,,2114579895,266872_2114579895,28703,Bitburger Cerveza,Bitburger,1 X 500 mL,6579,True,Cervezas,False
266872,,2114708567,266872_2114708567,837368,Imperial Cerveza Golden,Imperial,1 x 330 cc,2694.3,True,Cervezas,False
266872,,2482871,266872_2482871,162208,Corona Cerveza Tipo Lager 330 ml,Corona,1 X 330.0 mL,3089.4,True,Cervezas,False
266872,,2114629797,266872_2114629797,620352,Miller Genuine Draft Cerveza,Miller,1 X 330 mL,2768.35,True,Cervezas,False
266872,,2469389,266872_2469389,156749,Cerveza Quilmes Clásica 473 cc,Quilmes,1 X 473 mL,1851.85,True,Cervezas,False
266872,,2482855,266872_2482855,288202,Cerveza Brahma Chopp 473 cc,Brahma,1 X 473.0 mL,2007.85,True,Cervezas,False
266872,,1074392805,266872_1074392805,16183,Kunstmann Torobayo Lata 470ml,Kunstmann,1 X 470 mL,5029,True,Cervezas,False
266872,,2114630022,266872_2114630022,285422,Salta Cerveza Cautiva Roja,Salta,1 X 473 mL,3439,True,Cervezas,False
266872,,1074392811,266872_1074392811,48040,Antares Cerveza Artesanal Honey,Antares,1 X 473 mL,3576.3,True,Cervezas,False
266872,,2482851,266872_2482851,628296,Cerveza Patagonia Amber Lager 730 cc,Patagonia,1 X 730 mL,4721.4,True,Cervezas,False
266872,,2114263233,266872_2114263233,448096,Imperial Cerveza Roja Amber Lager Lata,Imperial,1 X 473 mL,2887.2,True,Cervezas,False
266872,,2469409,266872_2469409,442640,Cerveza Andes Origen Roja 473 cc,Andes Origen,1 X 473 mL,2351.4,True,Cervezas,False
266872,,2482839,266872_2482839,228999,Cerveza Patagonia Amber Lager 473 cc,Patagonia,1 X 473 mL,3347.4,True,Cervezas,False
266872,,2111346558,266872_2111346558,288198,Cerveza Patagonia Ipa 730 cc,Patagonia,1 X 730 mL,4685.4,True,Cervezas,False
266872,,1074392822,266872_1074392822,57990,Antares Cerveza Scotch,Antares,1 X 473 mL,3527.3,True,Cervezas,False
266872,,1074392831,266872_1074392831,14038,Pampa Brewing Amber Ale Lata 473ml,Pampa,1 X 473 mL,2557.65,True,Cervezas,False
266872,,1074392807,266872_1074392807,2621,Rabieta Cerveza Red Honey,Rabieta,1 X 473 mL,3322.65,True,Cervezas,False
266872,,2114871768,266872_2114871768,916751,Cerveza Guinness Hop House,,473 mL,3127.2,True,Cervezas,False
266872,,2482853,266872_2482853,300550,Cerveza Quilmes Stout 473 cc,Quilmes,1 X 473 mL,2367.2,True,Cervezas,False
266872,,2111346555,266872_2111346555,229428,Andes Origen Cerveza Negra en Lata,Andes Origen,1 X 473 mL,2946.75,True,Cervezas,False
266872,,2114869440,266872_2114869440,299182,Pampa Brewing Nitro Cream Stout 473ml,Pampa,1 X 473 mL,2957.15,True,Cervezas,False
266872,,2469437,266872_2469437,359073,Cerveza Stella Artois Noire 473 cc,Stella Artois,1 X 473 mL,3396.75,True,Cervezas,False
266872,,2114083629,266872_2114083629,57613,Cerveza Patagonia Vera Ipa 473 cc,Patagonia,1 X 473 mL,2734.5,True,Cervezas,False
266872,,2114120281,266872_2114120281,156789,Schneider Cerveza Lager,Schneider,1 X 710 mL,3134.25,True,Cervezas,False
266872,,2114629634,266872_2114629634,43537,Miller Cerveza Rubia,Miller,1 X 600 mL,4113.85,True,Cervezas,False
266872,,2469420,266872_2469420,63327,Stella Artois Cerveza Rubia,Stella Artois,1 X 473 mL,2735.4,True,Cervezas,False
266872,,2114318537,266872_2114318537,681636,Corona Cerveza Cero,Corona 0,1 X 330 mL,2138.95,True,Cervezas,False
266872,,2114951104,266872_2114951104,948216,Schneider Bebida Refrescante Remix Limón,Schneider,1 x 473 mL,2989,True,Cervezas,False
266872,,2115070698,266872_2115070698,59512,Cerveza Brahma Chopp Lata 354mlx1,Brahma,1 X 354 mL,1852.15,True,Cervezas,False
266872,,2114914425,266872_2114914425,930894,Cerveza Quilmes Bajo Cero,,473 mL,1829,True,Cervezas,False
266872,,1074485096,266872_1074485096,170987,Salta Cautiva Cerveza Rubia,Salta,1 X 473 mL,3439,True,Cervezas,False
266872,,1074392827,266872_1074392827,29240,Rabieta Cerveza American Ipa,Rabieta,1 X 473 mL,2154.5,True,Cervezas,False
266872,,2111346548,266872_2111346548,85169,1890 Cerveza Rubia,1890,1 X 473 mL,2141.15,True,Cervezas,False
266872,,1074485103,266872_1074485103,32074,Imperial Cerveza Lager Dorada Lata 710ml,Imperial,1 X 710 mL,3478.3,True,Cervezas,False
266872,,1074392810,266872_1074392810,186129,Pampa Brewing Cerveza Honey Lata 473 ml,Pampa,1 X 473 mL,2557.65,True,Cervezas,False
266872,,2469371,266872_2469371,597816,Cerveza Miller,Miller,1 X 473.0 mL,2521.35,True,Cervezas,False
266872,,2114084426,266872_2114084426,595866,Stella Artois Cerveza Premium Lager,Stella Artois,1 x 710 mL,4067.4,True,Cervezas,False
266872,,1074392820,266872_1074392820,74252,Pampa Cerveza Dorada Lata 473 ml,Pampa,1 X 473.0 mL,2407.2,True,Cervezas,False
266872,,2114629803,266872_2114629803,629042,Stella Artois Cerveza,Stella Artois,1 x 330 mL,2759.4,True,Cervezas,False
266872,,2112599376,266872_2112599376,186987,Rabieta Cerveza Helles Munich,Rabieta,1 X 473 mL,1563.6,True,Cervezas,False
266872,,2114887563,266872_2114887563,830900,Cerveza Brahma 710 mL,Brahma,710 mL,3135.3,True,Cervezas,False
266872,,2114318535,266872_2114318535,681638,Corona Cerveza,Corona,1 X 473 mL,3179.4,True,Cervezas,False
266872,,2114833020,266872_2114833020,871704,Heineken Cerveza Sin Alcohol,Heineken,1 x 473 mL,2983.2,True,Cervezas,False
266872,,2469589,266872_2469589,196655,Imperial Cerveza Extra Lager,Imperial,1 X 473 mL,2751.2,True,Cervezas,False
266872,,2114084532,266872_2114084532,604026,Cerveza Stella Artois 0% 473 cc,Stella Artois 0,1 x 473 mL,2309.4,True,Cervezas,False
266872,,2115096846,266872_2115096846,993849,Estrella Galicia Cerveza sin Gluten Lata 330ml,Estrella Galicia,1 x 330 mL,3409,True,Cervezas,False
266872,,1074392823,266872_1074392823,90470,Pampa Brewing Cerveza IPA Lata 473 ml,Pampa,1 X 473 mL,2812.65,True,Cervezas,False
266872,,1074392829,266872_1074392829,94687,Rabieta Cerveza Golden Ale,Rabieta,1 X 473 mL,3127.2,True,Cervezas,False
266872,,2114434307,266872_2114434307,688392,Antares Cerveza Lager,Antares,1 x 473 mL,2946.3,True,Cervezas,False
266872,,2114481637,266872_2114481637,763756,Cerveza Patagonia Lager Del Sur 473 cc,Patagonia,1 X 473 mL,3515.4,True,Cervezas,False
266872,,2482879,266872_2482879,606296,Amstel Cerveza Lager Pura Malta ,Amstel,1 X 473 mL,2415.2,True,Cervezas,False
266872,,2114869743,266872_2114869743,892720,Imperial Cerveza Sin Alcohol Golden,,1 x 473 cc,1663.35,True,Cervezas,False
266872,,2533049,266872_2533049,362210,Imperial Cerveza Ipa,Imperial,1 X 473 mL,3031.2,True,Cervezas,False
266872,,2533061,266872_2533061,156788,Imperial Apa Cerveza American Pale Ale Rubia,Imperial,1 X 473 mL,3729,True,Cervezas,False
266872,,2114967292,266872_2114967292,234919,Peroni Cerveza,Peroni,1 X 330 mL,4379.25,True,Cervezas,False
266872,,2114263234,266872_2114263234,354442,Miller Cerveza Genuine Draft en Lata,Miller,1 X 710 mL,3697.85,True,Cervezas,False
266872,,2114970867,266872_2114970867,955344,Asahi Cerveza Dry,,1 x 330 cc,4559.25,True,Cervezas,False
266872,,2114629949,266872_2114629949,532515,Grolsch Cerveza Ipa,Grolsch,1 X 473 mL,3479.25,True,Cervezas,False
266872,,2114481639,266872_2114481639,763757,Cerveza Patagonia Lager Del Sur 730 cc,Patagonia,1 X 730 mL,4769.4,True,Cervezas,False
266872,,2482831,266872_2482831,193507,Warsteiner Cerveza Rubia,Warsteiner,1 X 473 mL,3849,True,Cervezas,False
266872,,2482833,266872_2482833,13982,Grolsch Cerveza Pilsner,Grolsch,1 X 473 mL,4349,True,Cervezas,False
266872,,2114926558,266872_2114926558,953712,Cerveza Lager Estrella Del Sur Lata,,500 mL,1459,True,Cervezas,False
266872,,2115096847,266872_2115096847,993850,Estrella Galicia Cerveza 0.0 Tostada Lata 330ml,Estrella Galicia,1 x 330 mL,3409,True,Cervezas,False
266872,,2528354,266872_2528354,271499,Cerveza Quilmes 0% 473 cc,Quilmes 0,1 X 473 mL,1308.45,True,Cervezas,False
